Breed,Temperature,Age,Heart Rate,Weight,Gender,Food Intake(In Cups),Water Intake(In ML),RiskPercentage,Health
1,36.79,1,135,41,1,4,631,80.0,0
0,37.21,2,145,24,1,1,1207,40.0,0
1,35.89,2,113,29,1,2,1319,60.0,0
1,40.38,1,80,41,0,2,153,80.0,0
0,37.22,1,102,26,1,1,1050,40.0,0
1,36.99,1,122,37,0,1,1723,80.0,0
0,36.86,2,118,34,1,5,379,60.0,0
0,35.76,1,72,33,1,2,2431,60.0,0
1,37.74,1,133,35,1,0,589,80.0,0
1,38.91,0,125,38,1,0,994,40.0,0
1,38.12,2,146,31,0,0,942,60.0,0
0,38.53,1,123,31,1,2,110,60.0,0
1,40.71,1,67,34,1,0,1690,60.0,0
0,39.37,2,69,35,1,5,659,40.0,0
1,37.98,2,65,30,0,0,1617,20.0,0
1,39.3,0,125,33,0,0,1941,60.0,0
1,37.1,0,101,42,1,0,759,80.0,0
0,38.46,2,106,31,1,1,1970,20.0,0
0,37.71,1,86,27,1,4,1115,0.0,1
1,37.84,1,159,30,0,0,493,60.0,0
0,37.21,0,107,28,0,2,462,20.0,0
0,41.81,0,93,33,0,3,1558,80.0,0
0,41.91,1,85,35,1,4,414,60.0,0
0,37.01,2,143,38,1,1,274,100.0,0
1,41.77,2,151,27,0,1,2193,80.0,0
0,39.1,1,63,27,1,4,1889,0.0,1
0,36.28,0,93,22,1,4,105,60.0,0
0,41.97,2,145,24,0,1,1491,100.0,0
0,38.7,0,127,22,0,5,761,20.0,0
0,39.6,2,136,22,1,1,2065,40.0,0
0,39.25,1,96,24,0,5,690,40.0,0
0,36.74,1,140,40,0,3,2353,40.0,0
0,39.6,0,115,28,0,1,2169,40.0,0
0,38.17,0,90,28,1,4,1406,80.0,0
0,40.21,0,89,31,0,0,1359,80.0,0
1,37.1,0,142,28,1,2,176,40.0,0
1,41.59,1,151,35,0,1,2064,80.0,0
0,36.8,0,70,32,0,4,2206,100.0,0
0,41.46,2,81,31,0,4,608,40.0,0
1,41.99,1,119,28,1,2,1785,40.0,0
0,38.41,2,95,36,0,5,798,20.0,0
1,41.92,0,82,29,0,5,2193,80.0,0
1,41.04,0,141,35,1,2,634,40.0,0
0,35.14,0,123,42,0,0,1550,80.0,0
0,37.44,0,145,32,1,0,1695,60.0,0
0,38.14,2,148,33,1,5,270,60.0,0
0,36.4,2,160,24,1,0,1233,60.0,0
1,35.73,0,86,25,0,5,1467,60.0,0
1,40.9,1,119,42,0,5,437,60.0,0
0,40.36,1,156,28,1,3,1137,40.0,0
1,37.81,0,127,28,1,4,766,40.0,0
1,40.62,2,80,25,0,4,1202,60.0,0
1,41.16,2,127,37,0,1,1386,100.0,0
1,36.81,1,76,28,0,5,1527,40.0,0
1,40.31,2,120,32,1,2,1041,60.0,0
0,40.34,2,116,22,1,2,1420,40.0,0
0,40.32,1,76,29,0,0,655,80.0,0
0,41.9,2,119,35,0,5,916,40.0,0
0,40.63,2,130,41,1,4,2244,60.0,0
1,38.98,0,160,25,0,2,208,0.0,1
0,40.1,1,66,22,1,5,2083,20.0,0
1,38.81,2,123,38,0,3,1708,40.0,0
1,38.77,0,120,30,1,2,477,20.0,0
1,37.84,1,102,22,1,5,2175,20.0,0
0,38.36,1,132,22,0,2,2105,60.0,0
1,35.89,1,60,34,1,5,558,60.0,0
1,41.33,0,129,36,1,4,1230,60.0,0
0,35.13,2,138,26,0,0,841,100.0,0
1,41.06,2,130,29,1,1,1661,60.0,0
1,35.95,2,107,23,0,5,276,60.0,0
0,35.34,2,149,39,1,5,1716,60.0,0
0,38.47,0,127,42,1,5,398,40.0,0
0,39.46,1,100,25,0,1,1522,40.0,0
1,36.58,2,115,23,0,2,364,80.0,0
0,41.33,1,158,36,1,5,2012,60.0,0
0,41.18,2,122,22,1,1,930,80.0,0
0,38.36,2,60,41,1,4,1028,40.0,0
0,39.74,1,155,35,1,5,2290,40.0,0
0,35.76,1,97,30,1,4,1528,20.0,0
1,35.31,1,81,42,1,0,265,80.0,0
1,41.44,1,142,33,1,4,350,80.0,0
1,40.18,2,124,29,1,3,307,60.0,0
1,39.59,1,110,28,1,2,934,40.0,0
1,37.14,0,148,28,0,1,544,20.0,0
1,37.3,0,115,30,0,4,1778,60.0,0
0,40.95,0,90,34,1,0,1915,100.0,0
0,35.5,1,117,23,0,1,1675,60.0,0
0,40.01,0,141,24,0,1,312,20.0,0
1,36.15,0,73,38,1,5,1782,100.0,0
1,36.08,1,107,35,0,4,1018,60.0,0
0,37.65,1,118,30,1,5,805,20.0,0
0,36.77,0,78,35,1,2,1671,80.0,0
1,41.32,2,149,23,1,1,859,100.0,0
0,41.63,2,62,34,1,2,490,80.0,0
1,41.33,2,132,35,1,0,2084,80.0,0
1,38.42,0,143,31,0,1,2079,40.0,0
1,40.41,0,149,22,0,0,2077,60.0,0
1,35.1,1,87,35,1,3,431,60.0,0
0,38.38,2,106,42,1,0,262,60.0,0
1,36.79,0,76,40,0,3,2350,80.0,0
0,39.75,1,144,34,0,1,1688,40.0,0
0,36.54,1,117,31,1,5,1018,40.0,0
0,39.81,2,78,33,0,4,1176,20.0,0
1,35.57,2,147,32,1,3,1934,40.0,0
1,38.44,1,126,38,0,2,1347,80.0,0
1,36.3,2,66,26,1,3,2359,20.0,0
1,41.4,0,144,28,1,4,962,60.0,0
0,39.68,2,60,32,0,0,1198,40.0,0
0,37.33,1,87,25,0,1,1292,60.0,0
0,40.62,2,135,41,0,3,1414,80.0,0
1,40.85,0,102,29,1,3,1142,60.0,0
1,36.8,1,141,22,0,2,1803,80.0,0
0,39.73,2,101,22,1,2,885,40.0,0
1,38.68,0,101,32,1,4,1991,80.0,0
1,36.05,0,157,42,1,1,1098,40.0,0
0,36.5,0,95,23,1,2,1109,80.0,0
1,39.15,0,120,25,0,1,2321,20.0,0
0,35.01,1,144,26,0,5,1608,60.0,0
0,36.56,0,143,41,0,5,569,60.0,0
0,39.17,2,72,31,0,4,198,20.0,0
0,36.97,1,156,32,0,5,1461,60.0,0
0,41.9,1,80,28,0,0,1052,80.0,0
1,37.43,1,120,32,0,4,916,20.0,0
0,37,0,142,40,1,1,527,40.0,0
0,41.48,0,95,23,1,3,836,60.0,0
0,36.15,0,77,41,1,0,944,80.0,0
1,39.53,2,74,26,1,1,617,40.0,0
1,35.86,1,106,34,1,2,591,80.0,0
1,39.59,1,75,30,0,4,1978,0.0,1
1,40.03,1,79,39,0,0,1469,80.0,0
0,40.35,0,90,36,1,1,1519,80.0,0
1,40.17,2,143,27,1,1,384,80.0,0
1,39.09,1,125,32,1,5,1220,40.0,0
1,37.43,0,121,24,1,5,1386,20.0,0
1,40.73,0,145,37,1,1,1953,60.0,0
0,37.7,1,73,32,0,1,127,40.0,0
0,40.28,0,122,41,1,0,2047,80.0,0
0,35.6,0,81,25,0,1,1740,60.0,0
0,38.36,1,111,34,0,4,455,20.0,0
0,37.5,1,121,22,0,0,2268,60.0,0
0,41.65,0,91,23,1,2,641,60.0,0
0,37.13,1,121,23,0,3,1975,60.0,0
1,35.56,1,126,37,1,2,957,100.0,0
1,36.07,1,120,35,1,3,2296,40.0,0
1,40.57,2,152,23,1,4,233,80.0,0
1,41.62,2,62,31,0,1,173,60.0,0
0,35.77,0,122,33,1,2,986,40.0,0
0,38.06,0,105,28,0,2,1472,20.0,0
1,40.9,2,78,24,1,2,278,80.0,0
1,35.07,1,79,41,1,3,2266,40.0,0
0,39.69,1,115,41,0,0,982,60.0,0
0,37.26,0,98,42,0,5,245,60.0,0
0,35.29,0,77,25,0,1,503,40.0,0
0,36.32,1,132,37,0,0,1676,60.0,0
1,35.43,1,119,41,0,2,1950,60.0,0
0,39.75,1,98,32,0,0,395,40.0,0
1,40.48,2,62,27,1,5,1601,20.0,0
1,39.82,1,69,28,1,1,1191,40.0,0
1,40.78,0,73,24,1,3,753,40.0,0
0,39.69,2,134,32,0,5,670,40.0,0
1,40.63,1,114,31,1,3,758,40.0,0
1,38.82,2,145,31,0,3,755,40.0,0
1,41.16,1,88,28,0,0,440,80.0,0
1,37.45,2,149,22,1,4,1042,60.0,0
1,38.66,1,62,39,0,0,1795,40.0,0
0,39.96,1,62,40,0,5,1478,20.0,0
1,38.4,0,71,29,0,4,1152,40.0,0
1,38.54,0,143,27,0,3,271,0.0,1
0,41.67,0,73,26,0,3,772,40.0,0
0,40.22,1,136,33,1,3,452,80.0,0
1,40.3,0,94,39,1,4,2291,100.0,0
1,38.51,1,155,22,1,5,1539,40.0,0
0,41.78,1,119,30,1,0,662,60.0,0
1,39.19,0,123,29,1,3,826,20.0,0
0,40.17,1,160,29,1,0,1318,60.0,0
1,38.78,1,60,39,0,1,758,60.0,0
1,40.04,2,74,36,1,5,2421,40.0,0
0,35.24,2,91,41,1,5,2306,40.0,0
0,35.76,2,156,38,1,2,1500,80.0,0
0,40.93,0,113,35,1,5,668,80.0,0
0,35.85,2,92,39,1,5,652,60.0,0
1,37.65,1,76,23,0,2,1687,40.0,0
1,40.08,0,107,27,0,0,2048,80.0,0
0,41.87,0,125,35,1,0,1173,80.0,0
1,35.13,1,112,27,0,2,812,80.0,0
0,36.39,2,102,39,1,5,1119,40.0,0
0,36.9,0,85,30,1,3,1953,80.0,0
1,40.76,1,79,23,0,5,2248,40.0,0
0,36.42,0,80,38,0,5,629,80.0,0
0,41.29,1,150,33,0,0,307,80.0,0
0,38.44,1,136,32,1,3,1441,20.0,0
0,40.26,0,81,24,1,2,601,60.0,0
1,40.17,0,70,29,1,4,1702,100.0,0
0,39.82,0,66,37,1,1,1304,60.0,0
0,35.24,2,93,28,0,0,652,80.0,0
1,39.11,2,80,36,1,5,1165,40.0,0
1,38.93,1,114,37,1,1,399,60.0,0
0,41.61,0,93,36,1,1,1487,80.0,0
0,38.35,1,113,27,1,3,1822,0.0,1
1,40.36,1,130,32,0,2,1112,80.0,0
0,40.03,2,138,34,1,3,1815,60.0,0
1,35.7,0,100,31,0,0,2247,100.0,0
1,39.37,0,127,30,0,5,1355,20.0,0
1,39.73,0,71,30,1,2,1588,60.0,0
1,40.48,2,156,36,1,5,2385,60.0,0
1,38.92,2,115,40,1,0,485,60.0,0
0,40.12,2,104,38,0,4,1074,40.0,0
1,39.74,2,131,22,1,1,2424,60.0,0
0,41.2,1,106,31,1,0,841,60.0,0
0,36.67,0,69,24,0,0,1976,80.0,0
0,37.92,0,125,24,0,5,250,20.0,0
0,38.49,0,124,42,0,1,2052,40.0,0
0,39.42,1,118,33,0,3,2160,0.0,1
1,41.61,2,102,32,1,0,1625,40.0,0
1,36.48,2,117,34,0,2,2385,40.0,0
0,35.77,0,138,41,0,3,1356,40.0,0
0,41.79,2,142,34,0,3,2435,40.0,0
1,39.47,2,61,35,1,4,483,40.0,0
0,35.93,1,96,36,0,4,1594,20.0,0
1,35.27,0,154,39,1,3,1510,60.0,0
0,40.92,2,130,27,1,1,1536,60.0,0
0,37.33,0,121,25,0,2,2181,20.0,0
0,39.33,2,127,24,1,4,357,40.0,0
0,39.18,1,133,30,1,2,1971,40.0,0
0,41.73,2,133,36,1,3,1428,60.0,0
0,36.84,1,65,32,1,5,1104,20.0,0
1,37.46,1,76,41,1,1,1914,40.0,0
1,38.92,2,129,38,1,5,1683,40.0,0
1,40.38,2,106,24,0,3,2414,40.0,0
1,40.45,2,66,36,1,4,2484,40.0,0
0,39.85,2,141,35,1,3,1229,40.0,0
1,40.25,0,100,39,0,4,2213,100.0,0
1,38.38,2,64,25,0,4,212,40.0,0
1,37.08,2,151,25,1,4,1215,60.0,0
0,35.88,1,94,35,0,5,633,40.0,0
1,36.29,2,154,30,1,3,796,60.0,0
1,35.06,0,75,39,0,5,2050,100.0,0
1,37.89,1,110,30,0,1,1311,40.0,0
1,38.46,1,117,30,0,5,1846,0.0,1
0,38.69,1,115,30,1,0,656,40.0,0
0,37.15,1,106,37,0,0,943,60.0,0
1,38.96,0,121,30,1,0,2323,60.0,0
0,36.63,2,144,35,0,2,2314,60.0,0
0,41.71,1,70,27,1,3,245,40.0,0
0,36.05,2,102,22,0,3,244,60.0,0
0,39.83,1,99,40,1,3,1472,20.0,0
0,39.37,1,139,31,0,3,795,40.0,0
0,38.47,2,70,33,0,3,392,20.0,0
0,40.35,0,79,31,1,4,1678,100.0,0
0,36.75,1,83,35,1,3,2120,40.0,0
0,38.95,1,66,40,0,4,1554,0.0,1
0,40.83,2,114,27,1,3,1091,40.0,0
0,36.17,0,117,31,0,4,925,80.0,0
0,39.91,0,91,42,0,3,113,40.0,0
1,36.06,1,131,28,0,0,1047,100.0,0
0,36.07,1,131,26,0,1,2206,80.0,0
0,40.28,0,87,40,0,2,1399,60.0,0
1,37.21,0,145,29,0,3,493,0.0,1
1,36.63,1,74,28,1,1,396,60.0,0
0,39.38,2,119,34,1,1,561,60.0,0
1,41.7,1,154,31,0,5,963,60.0,0
0,35.97,2,65,42,1,0,970,80.0,0
1,38.41,1,103,22,0,1,1779,40.0,0
0,39.95,0,143,27,1,2,949,20.0,0
1,38.32,2,105,33,0,1,161,40.0,0
1,39.92,0,104,32,0,4,1949,80.0,0
0,39.67,0,150,41,0,1,143,20.0,0
1,36.82,0,82,37,0,0,235,80.0,0
1,41.99,1,138,33,1,1,2164,80.0,0
1,41.06,2,97,30,1,5,1574,20.0,0
1,41.54,2,73,30,1,1,854,60.0,0
1,37.93,1,146,38,1,2,1344,80.0,0
0,41.42,1,68,23,1,4,1223,20.0,0
0,37.05,1,159,35,1,0,1796,80.0,0
1,39.5,0,74,26,0,0,461,40.0,0
0,38.17,1,134,31,0,3,1483,40.0,0
1,36.78,1,106,42,1,2,2263,60.0,0
0,35.11,2,154,22,0,3,818,80.0,0
1,35.34,1,147,38,1,5,2074,60.0,0
0,35.99,2,105,31,0,5,2026,20.0,0
1,36.51,2,64,22,1,0,1116,80.0,0
1,40.95,2,112,28,1,3,299,40.0,0
1,37.55,2,112,34,1,1,1244,60.0,0
1,38.02,1,158,40,1,5,1878,40.0,0
1,38.51,2,104,24,0,5,1512,20.0,0
1,37.13,2,105,34,0,3,1041,40.0,0
0,39.37,0,154,24,1,2,1328,40.0,0
0,39.41,2,70,37,1,5,106,40.0,0
1,36.52,1,74,39,0,4,1918,40.0,0
0,35.76,2,96,32,0,5,776,40.0,0
1,37.69,2,76,42,0,3,1407,40.0,0
1,38.94,0,64,31,1,3,601,40.0,0
0,35.15,0,84,33,1,4,952,80.0,0
0,38.44,2,116,35,0,5,1789,0.0,1
0,38.86,2,118,22,1,1,383,40.0,0
0,40.52,2,156,24,1,0,1486,60.0,0
0,40.52,2,138,34,0,5,2115,40.0,0
1,36.26,0,61,37,1,3,2198,80.0,0
1,41.45,0,134,25,0,5,1976,60.0,0
0,41.41,2,119,24,1,0,846,60.0,0
1,40.69,0,91,29,1,5,1221,80.0,0
1,36.2,2,97,25,1,0,1871,40.0,0
0,36.8,0,127,36,1,1,525,40.0,0
1,41.31,2,151,31,0,1,244,80.0,0
1,35.37,0,155,33,0,2,312,40.0,0
0,38.16,1,133,29,0,1,1554,60.0,0
1,36.15,0,139,40,1,5,1183,60.0,0
1,36.78,1,150,42,1,4,377,80.0,0
1,37.13,1,116,25,1,0,711,60.0,0
0,39.44,1,105,41,1,1,2322,40.0,0
0,35.72,2,103,41,1,4,892,60.0,0
1,35.7,0,151,30,0,4,2004,60.0,0
1,39.26,2,111,28,1,2,2311,20.0,0
1,36.49,1,123,42,1,1,1328,100.0,0
0,40.53,2,160,28,1,5,1056,60.0,0
1,40.01,2,72,35,0,2,1059,80.0,0
0,40.31,2,70,38,0,5,1494,40.0,0
0,38.65,1,113,40,1,5,1381,20.0,0
0,39.72,0,142,37,1,3,289,20.0,0
1,36.66,1,64,24,1,2,260,80.0,0
1,39.67,2,68,22,0,2,1929,40.0,0
0,36.56,2,120,31,1,3,785,40.0,0
1,41.67,0,73,25,1,2,2257,60.0,0
1,35.2,1,71,37,1,2,1291,80.0,0
0,38.67,2,83,31,0,2,2356,20.0,0
1,39.6,1,148,25,1,4,359,40.0,0
1,38.37,1,141,27,0,0,1941,60.0,0
1,38.67,2,160,36,1,4,2324,40.0,0
1,40.34,0,69,36,0,5,158,80.0,0
0,40.86,2,98,29,0,5,1764,40.0,0
1,40.25,2,127,39,0,4,742,80.0,0
1,40.46,2,89,29,1,5,1042,40.0,0
1,40.92,0,125,25,0,3,1252,20.0,0
1,41.65,2,101,33,1,0,1336,80.0,0
0,37.25,1,81,40,1,4,225,40.0,0
1,35.15,2,133,38,1,4,952,80.0,0
1,41.52,2,113,32,1,1,2273,40.0,0
0,40.43,0,143,34,0,1,1199,40.0,0
1,35.12,2,147,26,1,3,2012,40.0,0
0,40.63,2,77,22,0,2,695,80.0,0
1,39.15,2,158,39,0,4,1378,60.0,0
1,38.76,0,82,32,1,2,1068,40.0,0
1,38.93,1,146,28,1,2,319,60.0,0
1,35.92,1,95,40,1,4,2463,40.0,0
1,40.35,0,103,36,1,4,408,80.0,0
0,36.02,2,91,27,1,2,2033,40.0,0
0,39.97,0,85,31,0,0,696,60.0,0
0,37.31,0,135,37,0,5,1586,60.0,0
1,37.02,1,133,27,1,2,1870,60.0,0
0,38.47,0,116,29,0,2,1924,40.0,0
0,41.74,2,150,39,0,5,1343,60.0,0
1,41.69,0,152,24,0,4,293,40.0,0
0,40.67,1,147,25,0,3,925,80.0,0
1,36.96,0,77,40,1,3,2183,80.0,0
0,36.3,2,60,23,0,3,1437,60.0,0
0,40.06,0,154,32,0,2,935,40.0,0
0,41.21,0,60,31,1,4,2348,100.0,0
1,36.86,1,144,39,0,0,2073,80.0,0
1,38.79,1,96,23,1,4,2487,20.0,0
0,37.23,0,107,25,0,1,2139,40.0,0
0,38.78,1,149,33,1,3,396,60.0,0
1,38.51,1,126,40,1,2,445,80.0,0
1,40.1,0,128,27,0,2,511,20.0,0
0,38.65,2,121,31,1,0,654,60.0,0
0,37.02,1,146,28,0,0,1068,100.0,0
0,37.64,1,102,25,0,3,1533,20.0,0
0,37.02,2,139,36,0,1,441,80.0,0
0,38.06,0,158,24,0,5,2369,40.0,0
1,41.94,2,99,33,1,1,1362,80.0,0
0,39.15,0,117,40,0,3,1666,60.0,0
0,38.95,0,80,31,1,3,1411,60.0,0
0,39.45,2,65,41,0,1,1644,40.0,0
1,36.04,0,73,31,1,1,1098,60.0,0
0,36.17,1,153,23,0,0,1787,80.0,0
1,39.92,1,123,23,1,5,1787,40.0,0
0,39.08,0,121,33,1,3,555,20.0,0
1,35.38,2,60,30,1,0,2350,40.0,0
1,40.17,2,149,34,0,1,1610,60.0,0
1,40.28,0,76,28,0,4,1011,60.0,0
0,39.5,1,108,28,0,5,1707,20.0,0
1,40.22,1,159,24,1,0,1581,80.0,0
0,39.77,2,85,34,1,0,2358,40.0,0
1,35.58,0,141,33,0,5,1218,60.0,0
1,41.88,2,136,31,0,3,584,60.0,0
1,40.34,1,151,29,0,0,2299,80.0,0
1,40.56,1,88,23,1,1,1750,60.0,0
1,39.36,1,98,37,1,2,1993,40.0,0
0,37.84,0,95,22,0,3,1301,20.0,0
0,36.45,1,131,35,0,1,617,80.0,0
0,37.94,2,160,24,0,4,2491,40.0,0
1,38.85,0,134,39,0,3,1075,20.0,0
0,37.63,0,144,26,1,4,538,40.0,0
1,37.55,0,75,39,1,2,1627,60.0,0
0,37.85,0,153,38,1,0,2339,60.0,0
0,40.01,1,158,22,0,3,811,80.0,0
1,36.7,0,119,34,0,5,2187,100.0,0
0,35.62,2,124,23,1,1,2333,60.0,0
1,37.25,1,142,42,0,4,1054,60.0,0
0,38.35,0,65,39,0,5,559,60.0,0
1,37.66,2,126,42,0,0,1387,80.0,0
1,41.38,0,64,26,0,4,2449,80.0,0
1,38.87,0,148,27,1,3,2412,40.0,0
0,40.99,2,108,24,0,5,2336,40.0,0
1,39.43,0,95,40,1,1,1158,40.0,0
1,37.01,0,105,28,1,1,762,60.0,0
0,37.22,0,102,33,1,0,1863,80.0,0
1,41.65,2,120,32,1,5,2065,20.0,0
0,38.2,1,64,36,0,1,2060,20.0,0
1,40.54,0,121,40,1,0,185,60.0,0
0,36.32,0,115,34,1,4,1495,100.0,0
1,37.47,0,147,24,0,1,896,0.0,1
1,36.42,1,120,40,0,4,941,60.0,0
0,40.62,0,133,24,0,4,865,40.0,0
1,38.04,1,120,30,0,2,1617,20.0,0
1,38.78,2,140,25,0,5,1435,60.0,0
1,38.77,2,145,41,0,1,1089,80.0,0
1,36.84,1,123,24,1,1,1027,100.0,0
1,35.74,0,155,30,1,2,2265,60.0,0
1,38.83,1,88,33,0,2,2479,20.0,0
0,39.54,1,102,31,0,3,1559,0.0,1
0,41.26,0,147,39,1,1,509,40.0,0
0,36.78,2,104,40,1,5,761,60.0,0
1,35.37,1,130,25,0,5,1605,60.0,0
1,41.95,1,124,42,0,4,466,80.0,0
1,40.49,2,154,31,1,5,2095,40.0,0
0,37.06,2,139,42,1,4,1706,60.0,0
1,35.09,1,69,35,0,1,401,80.0,0
1,36.27,0,85,42,0,4,1863,100.0,0
1,39.84,2,96,25,1,1,1686,20.0,0
1,37.53,0,138,41,0,1,114,20.0,0
0,39.18,0,140,36,0,5,246,40.0,0
0,37.47,1,100,22,0,0,621,60.0,0
1,40.44,1,80,36,0,0,1287,80.0,0
0,41.79,0,137,32,0,5,2252,80.0,0
0,40.15,0,104,42,0,1,2016,80.0,0
1,37.25,0,81,37,1,0,1024,60.0,0
0,37.09,2,140,22,0,3,500,80.0,0
1,40.03,2,139,32,0,1,2390,60.0,0
0,36.49,0,132,37,1,2,800,40.0,0
1,38.38,1,113,23,0,5,1812,20.0,0
1,41.44,0,154,41,1,0,2474,80.0,0
1,35.4,2,138,34,1,0,1982,80.0,0
1,37.95,1,137,24,1,5,778,60.0,0
0,38.71,1,96,39,0,4,577,20.0,0
0,35.97,2,157,23,1,0,849,80.0,0
0,38.29,0,152,30,0,1,884,0.0,1
0,39.19,0,83,36,0,5,1210,60.0,0
0,37.78,2,62,33,0,0,2035,20.0,0
1,39.62,1,125,28,0,4,1777,40.0,0
1,35.01,1,143,34,1,3,2410,60.0,0
0,37.09,0,64,37,0,4,1178,80.0,0
1,37.97,0,67,32,0,3,2452,60.0,0
0,35.32,0,107,33,1,2,181,60.0,0
0,41.67,2,152,24,0,5,2405,60.0,0
1,38.81,0,113,24,1,0,1633,60.0,0
0,40.85,1,157,27,1,5,508,60.0,0
1,40.59,2,149,39,0,5,2305,60.0,0
1,41.27,1,160,23,0,0,824,100.0,0
0,39.16,0,120,35,0,2,2202,40.0,0
1,38.08,1,103,33,1,4,1492,40.0,0
1,38.08,0,101,32,1,1,1673,60.0,0
0,41.27,0,99,28,1,1,135,60.0,0
0,35.07,2,111,23,1,3,2126,20.0,0
0,41.78,1,131,37,0,5,1840,40.0,0
1,39.44,2,146,30,0,2,1510,40.0,0
1,37,2,65,25,1,4,1423,40.0,0
1,36,2,66,37,1,5,1918,40.0,0
1,41.79,2,125,28,0,0,2263,80.0,0
1,35.39,2,134,34,0,5,2190,40.0,0
0,35.55,0,88,26,1,0,2034,100.0,0
1,37.09,0,120,34,1,5,827,60.0,0
1,37.38,1,145,35,0,4,902,60.0,0
1,38.66,1,143,23,1,3,1615,40.0,0
1,37.01,0,77,32,1,1,1087,60.0,0
0,39.73,2,76,29,1,0,1490,20.0,0
1,35.05,2,111,29,0,4,1122,60.0,0
0,35.98,1,126,25,0,0,1254,100.0,0
0,38.51,0,137,32,1,0,1692,60.0,0
0,41.66,1,129,29,1,2,1458,60.0,0
0,41.78,1,95,38,1,1,1803,60.0,0
0,36.45,2,101,25,0,0,577,80.0,0
1,38.32,2,86,35,0,3,482,40.0,0
1,38.05,1,144,28,1,0,1504,40.0,0
1,41.5,0,132,33,1,4,475,60.0,0
0,36.72,2,105,29,1,1,1022,60.0,0
0,36.29,1,144,27,0,4,2450,60.0,0
0,38.87,2,116,34,1,3,2490,20.0,0
1,38.8,2,121,41,1,0,1542,60.0,0
1,36.32,0,61,36,1,2,1070,60.0,0
1,38.99,2,125,39,1,2,2373,60.0,0
0,40.79,1,74,42,1,1,1889,60.0,0
1,36.71,2,63,27,0,5,649,60.0,0
1,36.92,0,114,39,1,1,1961,80.0,0
0,39.55,1,67,23,0,5,1524,20.0,0
0,39.55,0,86,26,0,4,2175,60.0,0
0,37.89,0,127,42,0,3,1946,40.0,0
1,35.53,0,158,41,0,4,1493,60.0,0
0,38.87,0,109,28,1,4,1564,80.0,0
0,39.56,1,73,22,1,1,1373,20.0,0
0,39.2,2,139,38,1,2,1882,60.0,0
0,41.89,0,74,34,0,4,1308,80.0,0
1,38.61,1,75,27,0,5,1746,20.0,0
1,41.45,2,65,31,0,0,1796,40.0,0
1,35.67,0,116,37,0,5,257,80.0,0
1,39.51,2,134,41,1,1,1186,80.0,0
0,36.64,2,155,29,1,2,1927,60.0,0
1,35.31,2,77,29,0,0,1157,80.0,0
1,37.46,0,64,29,0,3,2258,40.0,0
0,36.49,2,143,32,1,0,1920,60.0,0
0,40.5,1,105,24,1,5,218,40.0,0
1,37.1,1,73,34,0,2,706,60.0,0
1,40.71,0,125,35,0,3,530,40.0,0
0,40.91,2,147,28,1,1,2110,60.0,0
1,37,0,125,24,1,5,2368,60.0,0
1,41.69,0,141,41,1,4,590,60.0,0
1,41.02,0,99,29,1,4,1375,80.0,0
1,37.11,2,130,35,0,5,2008,60.0,0
0,35.1,0,84,34,0,2,1270,60.0,0
0,39,2,94,27,0,0,1333,60.0,0
0,35.19,1,75,23,1,0,685,60.0,0
1,35.98,2,91,25,0,4,817,60.0,0
0,39.32,0,80,23,0,2,573,20.0,0
1,41.77,0,66,26,1,5,415,80.0,0
0,35.99,0,119,36,0,4,570,80.0,0
1,36.62,1,62,34,0,4,1371,40.0,0
1,39.23,0,100,30,0,2,2387,40.0,0
1,39.72,0,143,35,1,1,1751,40.0,0
1,37.43,2,148,28,1,0,2465,40.0,0
0,38.16,2,92,39,1,4,324,40.0,0
0,37.9,0,145,40,1,3,1606,40.0,0
0,41.48,0,84,29,0,5,491,60.0,0
1,38.46,1,66,22,0,0,2319,40.0,0
1,35.96,2,113,37,1,0,960,80.0,0
1,39.73,0,113,41,1,2,385,40.0,0
0,37.67,2,115,41,1,2,462,60.0,0
0,38.13,1,74,28,1,4,2126,0.0,1
1,35.53,2,139,28,1,5,1450,60.0,0
0,39.21,0,116,40,1,1,311,40.0,0
0,39.11,2,80,29,1,5,933,20.0,0
1,38.82,1,89,22,1,4,723,40.0,0
0,36.31,0,93,22,1,1,395,40.0,0
1,37.87,1,75,34,1,4,645,40.0,0
1,38.37,2,116,36,0,5,1473,40.0,0
1,35.14,0,114,34,1,0,1902,100.0,0
0,38.76,2,70,40,1,0,1232,40.0,0
1,36.78,2,127,36,1,2,160,100.0,0
0,36.39,0,76,23,1,2,1400,80.0,0
1,39.56,1,136,37,0,5,1692,40.0,0
0,39.3,2,66,28,1,0,838,40.0,0
1,40.37,2,114,40,0,5,842,60.0,0
1,41.8,2,143,42,1,5,675,80.0,0
0,38.17,1,143,42,1,4,162,60.0,0
0,35.8,1,156,27,0,4,1054,80.0,0
0,39.59,2,65,37,0,4,378,20.0,0
0,39.2,2,153,23,0,3,1011,60.0,0
1,38.06,0,93,27,0,2,1047,20.0,0
1,39.86,0,154,39,1,3,513,20.0,0
0,41.32,0,160,31,1,4,382,60.0,0
1,38.66,1,62,27,0,0,1131,60.0,0
1,37.98,0,67,39,1,5,2220,80.0,0
0,39.05,1,147,32,1,4,2122,20.0,0
1,35.69,0,66,28,1,5,1007,80.0,0
0,35.03,2,90,25,1,3,509,40.0,0
0,41.93,0,83,39,1,0,119,80.0,0
1,37.52,2,131,25,1,1,1048,60.0,0
1,37.95,1,94,40,1,3,1662,20.0,0
1,36.97,1,108,39,0,3,735,60.0,0
0,38.54,2,107,31,1,3,1471,0.0,1
0,36.21,1,70,34,0,1,1082,60.0,0
0,38.51,0,80,42,0,2,409,40.0,0
1,41.41,0,138,26,0,5,1684,60.0,0
1,36.41,0,130,36,0,5,458,60.0,0
0,40.73,0,70,33,1,2,1175,80.0,0
1,40.66,2,150,32,1,1,1625,60.0,0
1,36.13,2,113,30,0,0,2168,40.0,0
0,41.05,1,99,29,1,1,323,60.0,0
1,38.53,1,74,40,0,5,2292,20.0,0
1,36.58,1,146,25,0,5,1708,60.0,0
0,36.3,1,133,24,0,2,760,100.0,0
1,36.23,1,86,34,1,2,1857,60.0,0
0,38.7,1,119,31,1,2,2425,20.0,0
1,37.95,1,98,25,1,3,1051,20.0,0
1,37.44,1,143,23,1,3,723,60.0,0
1,41.71,1,98,41,1,1,468,80.0,0
1,37.99,1,72,39,1,1,1974,40.0,0
1,40.93,2,80,42,0,0,2495,60.0,0
1,35.55,1,126,24,0,5,354,80.0,0
0,36,1,69,37,0,3,624,40.0,0
1,36.9,0,70,25,0,1,1766,60.0,0
1,38.02,2,135,34,1,1,1435,80.0,0
1,38.98,1,108,36,1,5,2435,20.0,0
1,37.35,0,134,36,0,5,540,40.0,0
0,36.25,2,93,32,0,4,868,40.0,0
1,35.04,0,74,38,1,5,1314,80.0,0
0,35.91,2,81,26,0,3,2195,40.0,0
0,38.62,1,80,37,1,2,2424,40.0,0
0,40.68,0,92,25,0,1,308,40.0,0
0,36.9,2,63,39,0,4,2257,20.0,0
0,35.65,2,87,42,1,4,1841,40.0,0
0,38.22,2,85,29,1,5,1338,0.0,1
1,36.91,1,133,35,1,4,1221,80.0,0
1,37.97,1,159,38,1,0,131,80.0,0
0,37.82,2,135,38,0,1,585,60.0,0
1,40.81,1,140,30,1,5,1298,60.0,0
0,35.01,0,89,40,0,3,356,60.0,0
1,38.58,0,133,22,0,5,755,20.0,0
0,41.97,0,65,23,0,4,281,60.0,0
1,40.19,1,152,40,1,2,718,100.0,0
0,37.02,1,116,36,1,3,940,60.0,0
1,40.07,2,146,28,0,4,432,80.0,0
1,40.44,2,62,35,1,0,1632,60.0,0
0,35.08,1,155,35,1,1,1384,80.0,0
0,36.51,2,78,31,0,4,789,40.0,0
0,36.74,2,109,25,0,1,2114,60.0,0
0,35.37,2,64,22,0,2,175,80.0,0
0,37.49,0,145,36,0,4,1397,40.0,0
1,35.77,2,65,41,1,2,1670,60.0,0
1,35.43,2,69,42,1,4,2213,40.0,0
1,40.34,2,102,40,1,2,2154,60.0,0
0,40.2,2,113,28,0,4,551,60.0,0
0,41.18,0,144,32,0,4,808,60.0,0
0,40.84,2,157,34,0,1,361,80.0,0
1,35.17,2,110,34,1,4,1334,60.0,0
0,41.12,0,140,28,1,2,809,40.0,0
0,40.96,2,124,35,0,2,2448,60.0,0
0,36.13,1,75,36,0,3,1012,40.0,0
0,35.88,2,70,23,0,2,464,80.0,0
1,41.54,1,61,28,0,1,2336,60.0,0
1,38.17,2,130,38,1,0,1233,80.0,0
0,38.14,1,111,23,0,1,1186,60.0,0
1,36.65,1,113,35,1,0,1585,60.0,0
1,35.43,0,68,36,1,0,673,80.0,0
1,40.71,2,156,42,0,2,1444,100.0,0
1,39.66,2,143,34,1,1,718,80.0,0
0,38.59,0,131,38,1,4,1916,60.0,0
1,41.04,2,113,37,0,5,1339,60.0,0
0,41.73,1,82,31,0,2,1142,60.0,0
1,36.6,0,123,33,1,5,1808,80.0,0
1,36.54,2,150,35,0,0,1063,100.0,0
0,37.25,2,74,27,1,4,362,20.0,0
0,36.79,2,71,36,1,4,2027,40.0,0
0,37.46,1,115,22,1,1,1623,20.0,0
1,40.06,0,96,30,1,5,426,80.0,0
0,39.8,0,152,32,1,1,1829,40.0,0
0,38.65,1,82,40,0,5,650,20.0,0
1,38.57,1,99,41,1,2,887,60.0,0
1,39.24,2,143,34,0,5,1529,20.0,0
0,37.41,2,95,24,1,2,1854,20.0,0
1,38.62,1,123,22,0,4,1408,60.0,0
1,35.66,1,114,27,1,5,1537,20.0,0
1,40.37,2,68,39,0,1,962,80.0,0
0,36.15,2,116,24,1,1,528,60.0,0
1,38.73,0,129,34,0,2,2014,40.0,0
0,41.96,1,133,29,1,3,1689,40.0,0
0,39.59,2,130,40,1,3,1022,60.0,0
1,41.76,2,72,33,1,2,1717,60.0,0
1,40.95,1,113,30,1,4,1695,20.0,0
0,37.43,1,155,35,1,1,152,80.0,0
0,40.8,1,90,34,0,5,1326,40.0,0
1,39.26,2,98,35,1,3,981,40.0,0
1,40.22,0,74,32,0,1,1929,80.0,0
1,36.04,2,116,38,1,4,1856,40.0,0
1,41.5,1,97,31,0,2,489,60.0,0
1,41.88,2,68,25,1,5,1530,20.0,0
1,39.46,1,85,26,1,3,1284,20.0,0
0,41.43,2,142,35,0,3,252,60.0,0
1,36.7,2,119,37,1,1,756,80.0,0
0,36.46,1,157,36,0,2,2153,60.0,0
1,36.47,0,75,28,0,2,2036,60.0,0
0,35.25,2,71,25,0,3,376,60.0,0
1,41.9,2,126,33,0,1,910,80.0,0
1,35.46,2,121,28,0,5,2076,60.0,0
1,40.05,0,108,36,0,2,1860,80.0,0
1,41.22,1,121,28,0,5,2497,60.0,0
1,39.58,0,70,28,1,2,324,40.0,0
0,37.09,1,129,35,0,1,506,80.0,0
0,36.35,2,143,33,0,1,553,80.0,0
1,39.97,2,127,23,1,0,1267,80.0,0
0,39.5,2,134,35,1,5,2272,40.0,0
0,39.67,1,145,34,0,2,1370,60.0,0
0,38.34,2,98,27,1,2,1650,20.0,0
1,36.87,2,104,41,0,4,139,60.0,0
1,38.46,0,68,27,0,1,1612,40.0,0
1,35.19,2,85,33,1,5,195,60.0,0
0,41.15,2,135,36,0,2,1447,80.0,0
1,40.21,1,62,41,0,5,1728,40.0,0
1,41.16,0,156,31,1,4,2325,80.0,0
0,41.24,0,153,40,1,3,814,40.0,0
0,38.1,1,132,42,0,5,1045,60.0,0
0,38.9,1,141,41,1,3,284,60.0,0
1,41.9,2,138,23,1,3,794,80.0,0
1,37.89,1,78,34,0,2,980,40.0,0
0,38.16,1,108,27,1,5,448,20.0,0
0,36.5,1,118,23,0,1,984,80.0,0
1,36.95,0,129,23,0,4,810,40.0,0
0,36.58,2,136,33,0,3,1882,40.0,0
1,35.72,0,66,26,1,4,2232,100.0,0
1,41.58,0,67,35,0,4,901,80.0,0
0,37.92,1,66,40,1,0,320,60.0,0
1,35.86,2,120,39,1,2,1585,60.0,0
1,39.41,0,138,32,1,5,2111,60.0,0
1,35.02,2,92,36,0,0,1554,60.0,0
0,40.49,2,60,37,1,3,1646,40.0,0
1,35.75,0,63,34,0,3,857,60.0,0
0,36.71,2,101,37,0,5,656,40.0,0
1,35.9,1,80,33,0,4,1980,20.0,0
0,41.32,2,77,39,0,0,1748,40.0,0
1,37.45,1,92,31,0,1,1289,40.0,0
0,35.86,0,109,22,1,4,188,60.0,0
0,36.3,0,156,23,0,0,2360,60.0,0
1,40.38,1,145,26,0,3,2129,60.0,0
0,40.98,2,106,33,0,0,1054,60.0,0
0,35.69,2,95,38,0,0,1255,60.0,0
1,41.52,1,83,39,1,5,2494,40.0,0
1,39.42,2,112,36,0,1,1159,60.0,0
0,38.08,0,83,32,0,0,929,60.0,0
1,41.21,2,130,39,0,0,2455,80.0,0
0,40.33,1,77,27,1,0,2230,40.0,0
0,36.38,2,130,22,1,2,1017,80.0,0
1,36.09,1,88,34,1,5,2362,40.0,0
0,41.07,1,157,24,1,4,1188,40.0,0
1,37.87,1,151,26,0,1,2068,60.0,0
0,41.41,0,78,35,1,2,1457,80.0,0
1,38.98,1,140,39,1,0,2303,60.0,0
1,40.14,1,126,28,0,0,2472,80.0,0
0,41.46,2,67,28,1,2,1514,40.0,0
0,36.9,1,101,34,0,1,369,60.0,0
1,40.24,0,121,22,1,2,645,20.0,0
0,36.38,0,151,32,1,2,1185,60.0,0
1,41.71,2,87,42,1,0,1300,80.0,0
0,41.71,2,93,41,0,1,547,80.0,0
0,40.05,2,121,29,0,2,2079,80.0,0
1,38.11,0,101,33,1,2,2411,60.0,0
1,36.69,0,97,35,1,4,839,80.0,0
0,38.19,0,116,27,1,5,1209,80.0,0
0,37.51,0,73,34,0,0,1790,80.0,0
0,35.35,1,153,42,1,2,2106,80.0,0
1,39.38,0,86,36,0,5,1260,60.0,0
1,41.97,2,88,28,1,2,711,60.0,0
1,35.33,1,100,41,0,2,2246,60.0,0
0,40.58,2,90,24,0,4,1874,40.0,0
0,37.37,2,129,25,1,2,545,60.0,0
1,35.08,1,73,37,1,1,1844,60.0,0
1,39.54,1,156,27,0,3,2258,40.0,0
0,41.72,2,160,30,0,2,2071,60.0,0
1,36.68,1,142,25,0,5,2222,60.0,0
0,41.6,0,142,31,1,0,1504,80.0,0
0,41.61,1,62,22,0,3,575,60.0,0
0,41.83,1,84,22,0,3,1563,40.0,0
0,41.54,2,73,29,0,3,1147,60.0,0
1,38.14,0,127,24,0,4,2461,40.0,0
0,36.34,0,124,29,0,0,268,40.0,0
0,41.15,1,62,26,0,4,2345,40.0,0
1,37.92,0,160,41,1,1,475,20.0,0
1,40.37,0,105,25,0,2,656,40.0,0
0,41.09,1,146,34,0,5,130,60.0,0
1,41.39,1,114,22,0,0,169,80.0,0
0,35.35,2,70,31,1,5,611,40.0,0
0,41.85,0,146,27,0,5,1873,60.0,0
1,36.65,1,154,24,0,1,498,100.0,0
1,35.87,2,118,35,1,2,836,80.0,0
0,37.8,1,67,36,0,4,1106,20.0,0
0,39.66,0,115,34,0,0,1904,80.0,0
0,39.65,0,134,39,0,3,1966,40.0,0
0,40.53,0,139,32,1,3,701,40.0,0
1,35.39,0,142,38,0,0,1663,80.0,0
0,40.08,1,127,30,0,2,512,80.0,0
1,41.51,0,66,41,1,4,197,80.0,0
1,39.02,1,131,29,1,0,321,60.0,0
0,37.81,2,88,27,1,3,904,20.0,0
0,35.19,1,67,37,0,3,1946,20.0,0
1,40.63,0,125,36,1,5,1598,80.0,0
1,41.33,0,100,31,1,4,1366,80.0,0
1,39.16,1,86,23,0,3,1875,20.0,0
1,38.31,2,119,30,1,3,1924,0.0,1
0,39.56,1,116,31,0,1,2070,20.0,0
0,35.36,2,100,24,0,0,2029,60.0,0
0,36.59,1,75,40,0,4,779,40.0,0
1,35.95,1,160,35,0,5,1604,60.0,0
0,39.9,0,80,22,0,2,1513,40.0,0
1,39.09,2,152,32,1,2,398,60.0,0
1,38.29,1,137,34,1,1,2130,60.0,0
1,36.22,1,80,27,1,0,372,60.0,0
1,39.52,1,152,27,0,0,2280,60.0,0
1,37.34,0,155,24,1,1,2265,20.0,0
0,38.41,1,143,22,0,5,443,60.0,0
1,38.86,2,156,40,0,5,617,60.0,0
0,39.4,0,65,25,1,0,2067,80.0,0
0,39.16,2,105,24,1,0,1531,20.0,0
1,38.43,2,98,30,1,0,357,40.0,0
1,39.54,2,96,39,1,2,757,60.0,0
1,40.15,0,71,36,1,1,1302,60.0,0
0,40.88,0,137,40,0,3,545,40.0,0
0,35.85,2,143,38,1,5,1120,60.0,0
0,36.08,1,106,22,0,4,2392,40.0,0
0,40.48,2,141,34,1,4,1639,60.0,0
0,37.34,0,64,34,0,1,2039,60.0,0
0,41.12,1,157,37,0,4,868,60.0,0
1,41.1,1,159,24,0,2,2084,80.0,0
1,35.91,0,156,38,0,2,1501,60.0,0
0,39.43,0,156,28,0,3,420,0.0,1
1,40.1,2,118,27,1,3,1478,40.0,0
0,37.6,0,144,37,1,2,784,20.0,0
1,40.82,1,61,38,1,1,211,80.0,0
1,39.82,1,120,26,1,4,937,20.0,0
0,36.87,2,69,26,1,3,2066,20.0,0
0,38.5,2,127,26,0,0,530,80.0,0
0,37.22,0,154,30,0,2,1247,0.0,1
1,39.79,2,132,29,1,0,1601,40.0,0
0,36.56,0,130,33,1,5,317,60.0,0
0,37.45,0,114,31,0,0,2154,80.0,0
0,41.22,0,152,30,0,1,1037,20.0,0
0,41.06,2,69,29,1,0,920,60.0,0
1,39.01,1,117,26,1,5,1947,0.0,1
1,39.66,0,100,38,1,3,1645,60.0,0
1,41.18,1,80,39,0,1,1154,80.0,0
0,37.26,2,147,27,0,3,2460,40.0,0
1,36.24,1,113,36,0,2,2071,60.0,0
0,37.69,2,114,30,0,4,251,20.0,0
0,40.97,0,84,24,1,4,632,80.0,0
0,36.31,1,145,24,0,1,1733,80.0,0
1,41.8,2,60,32,0,3,676,40.0,0
0,40.31,2,151,24,0,5,458,80.0,0
0,36.91,1,87,23,1,1,1148,40.0,0
0,38.03,2,142,24,1,1,1603,40.0,0
1,38.08,1,134,41,1,5,1935,40.0,0
0,37.05,0,63,34,0,3,1398,60.0,0
0,41.83,0,146,25,1,0,1200,80.0,0
1,37.87,0,72,37,0,2,1070,40.0,0
0,39.32,2,156,29,1,1,1987,40.0,0
0,37.86,2,69,42,1,2,653,60.0,0
0,37.88,1,122,41,0,1,2220,60.0,0
0,37.03,0,118,41,1,5,2168,100.0,0
0,35.05,1,121,40,0,4,1700,40.0,0
1,40.92,1,155,37,1,3,1789,60.0,0
0,40.77,1,66,38,0,1,521,60.0,0
0,36.77,0,102,41,0,3,949,60.0,0
0,36.39,2,158,42,0,0,1610,80.0,0
0,37.46,0,137,36,0,5,1598,60.0,0
1,41.26,1,62,31,0,3,1951,20.0,0
0,39.28,2,157,36,1,3,2211,40.0,0
1,36.9,0,139,22,0,1,123,20.0,0
0,35.82,2,148,34,1,3,286,80.0,0
0,39.53,1,159,38,1,5,1235,40.0,0
1,38.85,1,101,30,0,5,2387,0.0,1
0,36.73,2,128,30,1,4,251,60.0,0
1,38.75,1,65,40,0,5,1351,40.0,0
0,35.67,0,122,33,0,4,2432,80.0,0
0,37.6,1,114,25,0,1,111,60.0,0
1,35.44,2,153,30,1,0,1952,60.0,0
1,39.79,1,92,25,1,2,1220,40.0,0
1,40.74,2,154,33,0,3,320,60.0,0
1,36.03,1,69,25,1,0,1468,60.0,0
0,40.21,2,113,33,1,0,599,80.0,0
1,36.63,0,142,24,0,0,2250,60.0,0
1,41.47,2,102,22,0,2,1129,80.0,0
0,38.12,0,76,25,0,5,693,40.0,0
1,37.66,1,159,34,0,1,448,60.0,0
1,38.17,2,97,23,0,0,1583,40.0,0
1,35.63,2,62,38,0,3,461,60.0,0
1,35.56,1,105,25,0,3,1686,40.0,0
0,40.76,2,130,40,0,4,2203,40.0,0
0,39.05,0,92,30,1,2,1173,60.0,0
0,39.34,1,144,32,0,0,1995,40.0,0
1,36.08,1,70,27,0,4,1328,60.0,0
1,38.37,1,96,25,0,5,1947,20.0,0
0,41.57,1,81,31,0,4,437,40.0,0
1,37.23,1,106,36,0,4,2087,20.0,0
1,38.03,0,137,25,1,2,1926,20.0,0
1,41.21,0,87,41,1,4,1933,100.0,0
1,39.57,2,98,41,1,4,761,40.0,0
0,38.12,0,124,30,0,0,2459,40.0,0
1,40.99,1,116,29,0,3,2378,40.0,0
0,41.62,2,91,25,0,1,2405,60.0,0
1,37.42,0,136,26,1,0,243,40.0,0
1,35.38,0,107,34,0,1,1286,60.0,0
1,38.94,1,119,26,0,2,637,60.0,0
0,37.99,0,141,31,1,2,214,20.0,0
1,41.4,2,118,31,1,1,770,60.0,0
0,35.86,2,68,27,0,2,1963,60.0,0
1,38.83,0,158,41,0,1,1988,40.0,0
1,36.19,2,105,42,0,3,899,60.0,0
1,35.68,2,132,24,1,2,1651,80.0,0
1,38.21,2,118,38,1,3,1190,40.0,0
0,39.49,1,132,23,0,3,1128,60.0,0
1,38.1,1,105,41,1,1,535,60.0,0
1,37.36,2,89,25,0,5,1272,40.0,0
0,39.4,1,115,41,1,5,1895,20.0,0
0,39.08,1,61,37,1,1,1041,60.0,0
1,40.64,0,113,23,1,3,1019,40.0,0
0,35.1,1,115,26,1,3,1472,20.0,0
1,38.21,2,129,27,0,5,1626,40.0,0
1,41.59,2,125,24,1,5,793,80.0,0
0,40.83,0,160,26,1,2,1576,60.0,0
0,36.39,1,134,25,0,2,2084,80.0,0
1,41.4,0,113,22,1,2,351,40.0,0
1,40.9,0,117,31,0,2,2201,80.0,0
1,38.91,2,131,42,1,2,1101,80.0,0
1,39.83,0,71,29,0,2,323,20.0,0
0,35.03,0,88,34,0,5,452,80.0,0
1,37.18,1,100,33,0,3,1993,20.0,0
0,35.94,1,141,39,0,0,1567,60.0,0
0,37.44,2,101,40,1,4,351,40.0,0
1,37.84,1,113,35,0,3,881,40.0,0
0,39.11,2,89,30,1,2,1395,20.0,0
0,40.84,1,79,36,0,2,1010,60.0,0
0,35.8,2,79,30,1,4,847,40.0,0
1,40.69,2,137,40,0,1,448,100.0,0
1,35.57,0,158,29,1,3,635,40.0,0
0,35.91,1,149,36,0,3,1796,40.0,0
0,41.79,0,115,39,0,1,2007,80.0,0
0,36.87,2,76,40,1,3,438,60.0,0
1,37.44,0,73,30,1,0,1334,60.0,0
0,40.64,0,118,31,1,4,219,80.0,0
1,41.98,1,62,31,1,5,2455,20.0,0
0,41.6,1,125,36,1,3,465,80.0,0
1,38.91,2,135,33,1,3,1252,60.0,0
0,39.55,2,131,34,1,0,1334,60.0,0
0,40.97,2,96,35,0,1,985,60.0,0
0,37.3,1,70,39,1,1,616,60.0,0
1,41.69,0,72,35,0,1,2319,80.0,0
0,36.92,0,132,42,0,1,2051,60.0,0
0,36.09,0,149,40,1,0,1771,80.0,0
1,40.13,0,90,32,0,5,2182,100.0,0
0,37.5,2,122,37,1,0,1353,60.0,0
1,35.35,2,101,26,1,5,1619,20.0,0
1,41.37,0,138,26,1,2,2179,60.0,0
0,36.01,2,155,33,1,1,1567,80.0,0
0,37.9,1,101,37,0,1,597,40.0,0
1,38.61,1,125,28,1,1,933,60.0,0
0,39.35,2,147,31,0,2,582,60.0,0
1,35.35,2,100,26,0,3,1086,60.0,0
0,39.31,2,122,33,0,0,128,60.0,0
0,39.52,1,95,35,0,2,1734,20.0,0
1,37.94,0,154,37,1,4,510,40.0,0
1,35.77,0,75,27,0,4,127,60.0,0
0,41.41,2,107,29,0,3,2215,40.0,0
0,41.63,2,151,24,1,2,1151,60.0,0
1,40.02,2,160,31,0,4,1367,60.0,0
1,35.44,0,128,32,0,0,2075,80.0,0
1,40.06,2,79,36,0,0,1434,80.0,0
0,38.35,2,67,41,1,4,1833,20.0,0
1,37.05,1,113,32,1,4,791,40.0,0
0,36.41,2,94,27,0,2,1028,80.0,0
1,39.88,1,95,38,1,4,1495,40.0,0
1,36.91,1,78,23,1,2,1826,60.0,0
1,41.19,2,137,40,1,2,2095,80.0,0
1,36.98,2,138,41,1,5,2139,60.0,0
0,40.85,0,95,33,1,5,1189,100.0,0
1,36.94,0,131,28,0,1,1811,40.0,0
1,35.79,1,67,40,1,5,735,60.0,0
1,41.35,0,80,25,1,2,772,40.0,0
0,41.82,1,102,36,1,0,133,80.0,0
1,37.14,0,94,24,1,3,242,40.0,0
0,40.03,1,121,39,0,2,1840,60.0,0
0,37.6,0,148,25,0,0,178,20.0,0
0,39.97,2,67,22,1,5,2082,0.0,1
0,39.07,1,152,22,1,2,491,60.0,0
1,36.75,1,75,33,1,1,1503,60.0,0
0,38.89,2,63,32,1,0,788,40.0,0
1,37.66,0,90,36,0,5,429,60.0,0
1,35.59,1,82,22,1,5,1391,60.0,0
1,41.19,2,149,42,0,4,1726,60.0,0
1,40.81,1,107,31,0,2,1720,40.0,0
0,38.39,2,113,30,0,1,209,40.0,0
1,37.39,1,67,30,1,3,2260,0.0,1
1,36.21,2,64,30,0,1,1527,40.0,0
1,38.2,2,98,29,1,0,1690,20.0,0
0,36.64,1,135,25,1,2,755,80.0,0
0,38.27,1,117,31,0,0,917,40.0,0
1,41.41,2,147,35,0,1,275,100.0,0
0,41.36,1,160,27,0,2,1236,100.0,0
0,39.71,2,73,25,1,3,1806,0.0,1
0,37.88,0,130,33,1,5,2333,60.0,0
1,35.2,1,78,36,1,2,1144,80.0,0
1,38.87,1,147,33,1,3,1297,60.0,0
1,35.85,1,125,37,1,5,786,80.0,0
1,40.6,0,156,35,0,4,1900,80.0,0
1,41.94,1,132,26,0,1,185,100.0,0
0,41.24,0,67,26,1,5,2492,100.0,0
0,36.09,0,72,41,0,3,2425,80.0,0
1,36.34,0,103,30,1,3,1543,80.0,0
1,40.5,2,104,41,0,1,452,80.0,0
0,35.57,2,153,40,1,5,2077,60.0,0
1,40.19,1,129,41,1,5,1698,60.0,0
0,40.65,1,89,30,0,3,1713,20.0,0
1,37.94,0,123,24,0,3,965,0.0,1
0,41.12,1,133,41,1,4,166,80.0,0
0,37.2,1,143,40,1,0,666,80.0,0
1,40.85,2,64,42,1,2,187,80.0,0
0,40.32,1,114,28,0,2,1178,80.0,0
0,37.63,0,70,39,1,4,869,60.0,0
0,38.15,0,150,41,1,2,1483,40.0,0
0,41.09,0,114,36,1,0,729,80.0,0
0,38.63,1,135,35,1,0,1057,80.0,0
1,39.42,2,112,28,0,5,276,40.0,0
1,41.92,2,63,28,0,4,1479,60.0,0
0,35.84,1,72,42,0,2,1562,60.0,0
0,40.35,0,156,42,0,0,580,60.0,0
0,38.53,0,147,23,0,5,1175,20.0,0
0,39.7,0,60,29,0,1,411,20.0,0
0,41.55,0,80,42,0,3,1942,80.0,0
1,35.77,2,128,32,0,1,1200,80.0,0
0,39.38,0,139,23,1,1,1177,40.0,0
1,35.41,1,144,32,0,4,2299,40.0,0
0,40.74,0,114,29,1,3,1315,80.0,0
0,35.19,1,103,28,1,4,1250,20.0,0
0,38.08,0,141,28,1,1,2474,40.0,0
1,41.03,0,120,22,0,3,989,20.0,0
0,40.94,2,122,37,0,3,612,60.0,0
1,40.22,1,95,26,1,3,778,40.0,0
0,36.04,1,116,27,0,2,1615,60.0,0
0,38.74,1,82,34,0,1,1317,40.0,0
1,41.43,1,118,38,0,5,589,60.0,0
1,39.81,1,146,26,1,0,1862,40.0,0
1,41.13,1,63,23,0,0,1086,80.0,0
1,36.43,1,75,32,0,3,2018,20.0,0
0,37.17,2,114,24,1,2,1375,40.0,0
0,37.12,1,96,36,0,2,1080,60.0,0
1,40.92,1,91,39,0,1,1635,60.0,0
0,35.42,1,127,29,0,2,969,100.0,0
1,36.31,1,92,22,0,2,2104,60.0,0
0,36.05,1,86,42,1,0,489,80.0,0
1,40.39,1,69,40,0,2,192,80.0,0
0,40.87,2,148,31,1,2,1797,60.0,0
0,39.46,0,96,38,1,2,933,40.0,0
0,40.52,0,85,32,1,2,1959,80.0,0
1,38.09,2,64,36,0,4,1790,20.0,0
0,39.43,2,141,23,0,4,1674,40.0,0
1,38.69,0,159,38,1,5,401,40.0,0
1,40.65,0,111,25,1,0,758,60.0,0
0,39.92,2,106,42,1,3,2047,20.0,0
1,39.45,0,63,23,0,5,1800,60.0,0
0,37.48,0,79,41,1,5,2241,80.0,0
1,39.38,1,111,23,0,4,1280,40.0,0
1,39.61,1,93,27,1,0,1977,20.0,0
1,41.61,2,93,32,1,3,1932,20.0,0
0,35.3,0,77,40,0,3,1026,60.0,0
1,40.21,0,94,28,0,4,978,60.0,0
0,37.54,2,70,23,1,2,2046,20.0,0
0,40.22,1,89,32,0,1,1791,40.0,0
1,36.1,2,102,36,0,3,1161,60.0,0
0,35.96,0,114,41,1,1,1703,80.0,0
0,37.44,0,104,28,1,3,1473,60.0,0
1,39.34,1,97,25,1,4,1532,0.0,1
0,36.22,0,104,38,1,5,318,80.0,0
1,37.63,0,70,29,0,3,504,20.0,0
1,40.51,0,142,26,1,3,1009,40.0,0
1,35.93,0,108,36,0,3,129,60.0,0
0,38.89,2,78,33,1,0,677,60.0,0
1,37.15,1,110,33,0,0,233,60.0,0
1,40.98,0,153,37,0,3,144,40.0,0
0,40.57,1,150,42,0,0,2050,80.0,0
1,38.43,0,76,37,1,5,1728,80.0,0
1,37.26,0,80,38,1,5,2337,80.0,0
0,36.4,2,110,41,0,5,647,60.0,0
1,36.64,0,129,28,1,2,916,40.0,0
1,35.41,2,76,42,0,4,639,60.0,0
1,37.58,2,77,26,1,2,1978,20.0,0
1,41.9,1,151,23,0,5,313,80.0,0
1,36.8,2,90,37,0,2,957,80.0,0
1,35.6,2,124,24,1,1,257,100.0,0
1,41.09,2,148,29,1,1,1415,80.0,0
1,35.75,0,106,38,1,4,1720,100.0,0
1,38.18,1,91,31,0,5,1137,20.0,0
1,37.22,0,98,30,0,1,172,20.0,0
1,38.03,1,73,37,0,2,1546,40.0,0
1,35.55,0,152,25,0,2,464,20.0,0
1,37.23,1,150,22,1,0,1169,80.0,0
1,40.36,2,97,25,1,3,661,40.0,0
0,35.11,2,111,29,1,2,253,60.0,0
0,41.57,0,88,42,0,2,1387,60.0,0
1,37.23,1,127,37,0,5,345,60.0,0
0,41.18,0,160,42,1,0,1883,80.0,0
0,38.24,0,110,27,1,4,2060,80.0,0
0,41.66,1,156,36,0,1,2257,60.0,0
0,38.78,1,125,39,1,2,1153,60.0,0
0,39.65,2,75,27,1,4,507,20.0,0
0,35.74,1,61,36,0,4,241,40.0,0
1,41,2,144,31,0,4,1619,40.0,0
0,41.02,2,93,41,0,3,1469,60.0,0
0,40.95,2,140,41,0,0,943,100.0,0
0,39.94,2,77,42,0,3,428,40.0,0
1,36.53,2,126,41,0,2,1217,100.0,0
0,41.45,2,111,38,0,1,812,60.0,0
1,36.09,0,95,29,1,4,2454,100.0,0
0,41.14,2,122,25,0,2,943,100.0,0
0,35.41,1,127,27,0,2,234,100.0,0
1,38.75,2,86,40,1,4,2401,20.0,0
1,38.24,2,108,35,1,1,1204,60.0,0
1,38.19,1,155,38,1,5,2284,40.0,0
1,36.84,0,116,32,0,1,638,60.0,0
1,41.39,1,102,29,1,3,2186,20.0,0
1,35.54,1,111,26,1,3,502,40.0,0
1,41.08,1,72,37,0,0,307,80.0,0
1,39.04,0,107,28,0,2,1996,40.0,0
1,39.02,2,118,27,0,3,149,40.0,0
1,35.99,0,129,41,0,2,889,40.0,0
1,41.39,1,155,42,1,0,1872,80.0,0
0,39.76,0,86,25,1,4,1961,80.0,0
0,37.56,0,82,35,0,4,2057,80.0,0
0,36.15,1,70,29,1,2,2141,40.0,0
1,37.64,1,143,26,1,5,333,40.0,0
1,39.62,0,97,34,1,5,798,60.0,0
0,35.77,1,111,34,1,5,468,60.0,0
0,37.42,2,101,35,1,3,205,40.0,0
0,36.18,1,125,34,1,0,638,100.0,0
0,35.35,0,93,34,0,0,2118,100.0,0
0,35.49,2,84,39,0,3,862,40.0,0
1,36.07,1,68,37,0,5,1472,60.0,0
1,35.72,1,145,38,0,1,1388,100.0,0
1,37.4,2,76,27,1,1,177,40.0,0
0,37.98,2,145,36,0,3,852,40.0,0
1,35.83,1,116,37,0,4,224,60.0,0
0,37.95,1,99,31,1,4,2277,0.0,1
1,35.01,1,110,22,0,5,597,60.0,0
1,35.05,2,92,29,0,4,1276,60.0,0
1,36.93,0,132,41,1,1,2225,60.0,0
0,35.61,2,76,30,1,4,1903,20.0,0
1,36.3,2,93,29,0,5,1991,40.0,0
1,38.61,2,111,34,1,2,1187,60.0,0
0,41.15,0,139,36,0,1,1375,40.0,0
0,41.43,2,68,37,1,4,2098,40.0,0
0,37.96,2,152,34,0,3,592,40.0,0
1,36.92,0,120,36,1,3,986,40.0,0
1,39.16,2,138,28,0,4,1049,60.0,0
0,39.42,2,147,27,1,0,1173,40.0,0
1,37.57,1,107,36,1,2,898,60.0,0
0,36.01,2,152,41,1,2,1963,80.0,0
1,36.24,2,62,33,0,3,1758,20.0,0
1,39.89,2,141,23,0,5,1641,40.0,0
0,37.72,2,76,33,0,0,2059,20.0,0
0,37.79,2,115,34,1,0,1051,60.0,0
1,39.5,0,90,23,0,2,435,20.0,0
1,41.43,1,77,24,0,5,611,60.0,0
0,40.77,0,151,28,1,5,616,60.0,0
1,35.84,2,67,39,1,0,891,80.0,0
1,36.92,1,66,37,0,3,973,60.0,0
0,37.71,1,120,33,1,5,1428,20.0,0
0,38.44,0,87,28,0,0,1933,60.0,0
0,39.61,2,93,42,0,2,1952,40.0,0
1,35.76,0,144,26,0,4,814,40.0,0
0,36.76,0,85,32,0,2,725,60.0,0
0,35.01,1,117,37,0,2,2169,40.0,0
1,40.7,0,109,27,1,4,318,80.0,0
0,37.39,2,61,28,0,2,1417,60.0,0
0,38.86,0,72,22,1,4,319,40.0,0
0,36.84,0,145,40,1,5,1912,80.0,0
0,38.51,2,128,22,0,0,107,80.0,0
1,38.33,2,157,33,0,5,2143,20.0,0
0,38.16,1,86,24,0,0,1029,60.0,0
1,36.58,1,109,36,0,0,1429,80.0,0
0,36.64,1,140,38,0,2,2182,60.0,0
1,36.8,2,69,27,0,3,1589,40.0,0
0,41.51,1,67,36,1,1,1188,60.0,0
0,35.79,0,152,29,1,1,1247,60.0,0
1,38.6,1,119,25,1,5,829,20.0,0
0,39.54,0,80,41,0,3,2165,60.0,0
0,37.1,1,128,35,1,0,1758,80.0,0
1,37.38,0,151,30,1,3,421,20.0,0
1,38.46,1,85,28,1,2,1897,20.0,0
0,40.2,0,73,32,0,5,1833,100.0,0
0,36.63,1,141,33,1,1,1665,80.0,0
1,38.57,1,117,24,0,2,891,60.0,0
0,41.22,0,117,29,0,0,1395,60.0,0
1,36.62,1,104,31,1,5,837,40.0,0
1,40.35,1,160,40,0,1,1770,80.0,0
1,41.11,1,76,41,0,5,1975,40.0,0
1,38.54,1,83,22,0,3,591,40.0,0
1,36.45,0,138,41,0,2,1271,40.0,0
0,38.95,2,87,31,1,5,1866,0.0,1
0,40.99,1,72,28,1,3,1302,20.0,0
0,36.42,1,139,35,0,2,993,80.0,0
1,35.84,2,79,32,0,4,1829,20.0,0
1,36.68,2,124,23,0,5,873,80.0,0
0,39.9,2,75,29,0,1,1578,40.0,0
1,36.73,1,65,23,0,3,1368,60.0,0
0,35.96,1,92,41,1,2,1601,60.0,0
1,38.54,1,131,40,0,5,1064,60.0,0
1,36.97,2,104,25,0,2,2456,60.0,0
0,35.98,0,150,37,1,4,251,60.0,0
0,41.91,1,93,27,1,2,1913,40.0,0
0,35.87,1,150,25,1,5,1281,40.0,0
0,40.67,2,66,25,1,4,111,40.0,0
1,39.22,1,149,42,0,1,2448,60.0,0
1,35.27,0,157,23,0,2,1755,40.0,0
1,35.4,0,79,29,1,4,1042,80.0,0
0,41.97,2,92,37,1,4,2014,40.0,0
1,36.94,1,137,33,1,2,995,100.0,0
0,35.43,1,65,28,1,5,798,40.0,0
0,37.93,2,136,34,0,5,1725,20.0,0
1,41.17,0,112,27,0,2,2157,60.0,0
1,37.18,0,67,29,0,5,1820,80.0,0
1,41.23,1,141,26,0,2,433,100.0,0
0,38.2,1,109,32,1,1,905,40.0,0
0,35.54,2,100,22,1,1,2276,40.0,0
0,36.38,2,68,33,0,1,455,60.0,0
0,40.97,1,114,39,0,5,832,40.0,0
1,35.82,1,153,41,1,0,2229,80.0,0
1,40.73,1,145,27,0,5,1030,80.0,0
0,40.65,1,78,27,1,5,1971,20.0,0
0,37.64,2,104,33,0,0,854,40.0,0
1,36.21,1,132,36,0,5,1640,60.0,0
1,40.73,2,126,32,1,2,1104,80.0,0
1,38.14,1,157,41,0,0,1301,80.0,0
0,37.72,0,106,41,1,3,2455,60.0,0
0,37.02,2,141,34,0,0,1324,80.0,0
0,37.08,1,131,30,0,5,418,60.0,0
1,37.68,0,109,37,1,4,1913,80.0,0
0,38.76,0,77,34,0,3,1037,40.0,0
0,41.55,2,123,27,1,2,1653,60.0,0
0,36.94,0,130,29,1,0,1449,80.0,0
1,41.18,2,65,33,1,5,1563,40.0,0
1,35,2,116,26,0,3,2379,40.0,0
1,39.15,0,80,28,1,4,204,60.0,0
1,40.96,1,138,34,0,0,1845,60.0,0
1,36.29,0,80,38,1,0,695,80.0,0
1,38.77,0,80,34,0,1,323,40.0,0
1,40.7,2,66,34,1,1,936,80.0,0
1,40.16,0,120,31,0,0,319,60.0,0
0,41.1,2,100,27,1,0,295,60.0,0
1,40.79,0,112,22,0,4,601,60.0,0
1,40.72,0,81,27,0,4,491,60.0,0
0,36.23,2,74,37,1,0,1699,60.0,0
0,41.99,2,137,36,1,1,112,100.0,0
0,41.39,2,150,38,1,3,1357,60.0,0
1,40.18,0,81,41,0,4,1202,80.0,0
0,35.86,2,132,40,0,2,2199,60.0,0
0,36.18,0,109,33,0,5,2093,100.0,0
0,36.58,0,130,40,0,1,1764,60.0,0
1,38.34,1,127,30,0,3,2129,20.0,0
0,41.98,2,122,24,0,4,1211,80.0,0
1,39.63,1,99,23,0,5,2100,20.0,0
0,37.97,2,86,32,0,4,760,20.0,0
0,39.17,1,116,36,1,1,523,60.0,0
0,40.31,1,78,42,0,4,2297,40.0,0
0,37.08,2,154,22,0,5,1481,80.0,0
1,37.23,1,88,39,0,5,1599,20.0,0
1,39.54,2,116,31,0,1,1108,40.0,0
1,37.05,1,62,37,1,4,2393,40.0,0
1,36.16,1,123,30,1,3,1944,40.0,0
1,39.21,2,79,42,0,4,1109,40.0,0
0,41.08,0,89,23,0,4,153,60.0,0
1,39.83,0,79,35,0,0,296,60.0,0
1,37.84,2,65,27,0,5,1310,40.0,0
1,40.87,2,129,38,1,5,2284,60.0,0
1,39.55,1,70,39,0,0,542,60.0,0
0,36.79,1,90,33,0,4,583,40.0,0
0,37.63,1,125,42,1,5,1744,40.0,0
1,37.43,1,76,26,0,1,1105,60.0,0
0,37.31,0,148,24,1,4,808,40.0,0
1,35.75,2,85,27,1,3,1023,40.0,0
1,38.51,0,157,30,1,3,1803,40.0,0
0,35.54,0,128,35,1,1,996,40.0,0
0,40.04,1,114,24,1,2,1722,40.0,0
1,38.58,0,100,37,1,2,1479,40.0,0
0,40.44,0,160,39,1,4,1741,80.0,0
1,38.49,0,77,26,1,5,1372,60.0,0
1,37.53,1,102,31,0,1,733,40.0,0
0,36.04,1,63,38,0,5,929,40.0,0
1,36,2,79,25,1,4,1983,20.0,0
0,38.14,0,62,32,0,4,1204,60.0,0
1,36.57,0,155,38,0,3,352,40.0,0
0,36.39,1,105,30,1,1,1349,40.0,0
1,38.28,0,125,27,1,2,102,20.0,0
1,36.44,2,160,33,1,4,1676,60.0,0
1,38.78,1,144,37,1,2,809,80.0,0
0,36.2,1,80,29,0,0,737,80.0,0
1,41.45,2,100,31,1,2,1342,60.0,0
0,41.31,0,80,37,1,0,1120,100.0,0
1,37.8,1,116,30,0,4,1068,20.0,0
0,37.86,0,65,38,0,0,1984,80.0,0
0,41.03,2,133,26,1,2,2462,60.0,0
1,39.93,0,98,38,0,2,2161,60.0,0
0,38,2,80,22,1,2,847,40.0,0
1,41.66,1,87,41,0,3,1661,40.0,0
0,38.91,1,69,36,1,4,398,40.0,0
0,36.96,1,158,32,0,4,2424,40.0,0
0,35.69,0,147,40,0,4,2272,80.0,0
1,35.18,2,92,34,0,3,775,40.0,0
1,39.45,2,150,31,0,1,523,60.0,0
0,41.36,2,99,28,1,0,1077,60.0,0
0,40.21,2,119,33,1,0,1756,60.0,0
0,39.02,2,96,23,0,5,1567,20.0,0
1,41.6,1,147,42,0,0,441,100.0,0
0,41.71,2,69,23,1,4,2427,20.0,0
1,41.72,0,145,27,0,1,1600,40.0,0
0,40.13,0,83,30,1,3,542,60.0,0
1,35.28,2,149,25,1,4,2108,40.0,0
1,35,2,71,29,0,4,539,60.0,0
1,41.49,1,141,35,0,4,1202,80.0,0
0,41.54,0,151,42,0,1,1425,40.0,0
0,37.92,2,119,35,1,2,615,60.0,0
0,36.45,0,155,29,1,4,1062,60.0,0
1,36.6,1,141,37,0,1,854,100.0,0
1,41.03,2,140,33,1,1,1371,100.0,0
1,37.58,0,110,24,0,4,2271,60.0,0
0,41.06,0,67,36,1,0,1942,100.0,0
0,35.85,2,76,27,1,1,759,60.0,0
0,36.14,2,61,35,1,4,2150,40.0,0
0,39.79,1,137,41,1,1,102,80.0,0
1,39.47,1,114,41,1,2,439,60.0,0
1,41.64,1,130,33,1,4,140,80.0,0
0,41.9,1,121,22,1,3,265,60.0,0
0,39.79,1,102,33,0,4,1694,0.0,1
0,37.1,0,134,24,1,5,2238,80.0,0
0,38.2,1,78,23,1,2,1268,20.0,0
0,38.15,1,150,34,0,1,1913,40.0,0
0,40.86,0,61,39,0,3,1244,60.0,0
1,36.59,1,108,29,1,4,857,40.0,0
1,36.14,0,148,40,1,4,2283,80.0,0
1,37.07,0,79,32,0,1,655,60.0,0
1,39.53,2,157,40,0,1,2435,60.0,0
1,39,0,66,36,0,5,2056,80.0,0
0,36.75,2,72,32,1,0,589,60.0,0
1,35.76,2,142,38,0,2,395,100.0,0
0,37.86,2,142,28,1,4,2311,20.0,0
0,37.27,1,86,41,1,5,2462,20.0,0
1,36.56,2,67,34,1,1,1849,60.0,0
1,38.25,1,153,27,1,0,700,60.0,0
1,39.61,2,77,36,0,5,1390,40.0,0
0,36.19,0,72,26,0,3,1803,60.0,0
0,35.19,0,114,25,1,3,2205,80.0,0
1,40.55,2,159,32,1,1,959,80.0,0
0,39.67,0,89,22,0,5,1224,40.0,0
1,35.31,0,76,41,0,2,1475,60.0,0
0,39.42,0,118,22,0,0,397,40.0,0
0,38.58,0,109,26,1,5,686,60.0,0
0,38.32,2,148,23,0,1,641,80.0,0
1,36.13,0,83,28,0,0,1439,60.0,0
0,38.02,2,103,26,0,0,1655,40.0,0
0,39.68,2,88,35,0,3,1556,0.0,1
1,35.69,1,144,24,0,5,1303,80.0,0
1,35.36,2,84,28,1,4,1213,40.0,0
1,35.64,0,83,28,1,5,1158,80.0,0
1,38.08,0,95,33,0,4,718,60.0,0
1,40.8,0,90,30,1,1,2225,80.0,0
0,37.15,1,140,36,1,1,1073,100.0,0
0,38.75,1,105,34,0,5,1254,20.0,0
0,35.63,2,133,35,0,3,1345,60.0,0
1,41.41,2,81,28,1,2,1954,40.0,0
1,37.01,2,88,31,1,2,237,60.0,0
1,35.2,2,152,38,1,1,274,100.0,0
1,38.59,1,86,31,0,0,2313,20.0,0
1,35.76,2,96,38,0,4,1898,40.0,0
1,38.85,0,139,33,0,3,2074,40.0,0
0,35.18,1,150,25,1,5,1737,40.0,0
0,39.91,2,90,40,1,4,2058,20.0,0
0,39.96,1,109,26,0,0,216,60.0,0
1,36.76,2,141,41,0,2,1764,80.0,0
1,35.88,1,113,35,1,4,1018,60.0,0
0,41.94,0,128,42,0,5,2074,80.0,0
0,38.08,0,145,29,0,5,2214,40.0,0
0,37.14,1,62,41,1,1,2243,60.0,0
1,39.19,0,82,32,1,5,944,60.0,0
1,41.58,2,91,30,1,1,1078,60.0,0
0,39.23,2,160,29,1,1,921,60.0,0
0,40.7,0,78,34,0,2,1010,60.0,0
1,38.3,2,90,24,1,5,1383,40.0,0
0,41.59,0,107,24,1,1,1286,80.0,0
0,37.33,0,135,38,0,3,449,20.0,0
1,39.1,1,125,41,0,4,2271,40.0,0
0,40.65,2,133,39,0,2,2062,60.0,0
0,37.15,1,126,25,0,5,2032,60.0,0
1,39.22,2,131,28,1,1,632,60.0,0
0,40,2,60,29,0,4,2017,20.0,0
0,36.24,0,149,40,0,3,1768,60.0,0
0,40.94,1,108,22,0,0,2317,60.0,0
1,38.92,0,83,30,1,2,1096,40.0,0
0,37.13,1,141,37,1,4,199,80.0,0
1,39.58,0,111,22,1,3,327,20.0,0
0,37.36,2,133,26,0,0,2156,60.0,0
0,40.92,0,130,28,1,4,713,60.0,0
0,36.23,1,65,35,0,5,361,40.0,0
0,38.66,0,113,24,1,4,1901,80.0,0
0,36.15,0,72,23,1,2,1912,80.0,0
1,41.67,2,86,31,1,2,1560,40.0,0
1,41.32,2,112,38,0,5,891,60.0,0
0,39.7,1,65,23,0,2,2124,40.0,0
1,37.92,2,80,30,1,0,1453,40.0,0
0,37,1,66,29,1,2,1849,40.0,0
0,35.61,2,144,42,1,0,443,100.0,0
0,35.73,1,71,29,1,3,2311,20.0,0
0,40.72,1,67,42,1,4,730,60.0,0
1,39.2,2,153,37,0,3,879,60.0,0
0,35.87,0,63,36,1,4,2122,100.0,0
1,39.78,1,64,24,0,3,1392,40.0,0
0,40.93,1,116,37,1,1,1724,60.0,0
1,41.53,1,63,26,1,3,778,40.0,0
0,36.28,2,92,33,0,2,120,60.0,0
0,37.89,0,100,40,1,2,452,40.0,0
1,37.74,0,147,23,0,5,516,20.0,0
1,35.92,1,97,23,1,0,2218,60.0,0
0,41.55,1,144,26,1,5,505,60.0,0
1,39.02,2,85,27,1,3,1387,20.0,0
0,39.75,0,115,24,0,2,382,20.0,0
1,41.84,2,96,37,0,1,388,80.0,0
0,35.62,1,72,33,0,4,1466,40.0,0
0,37.53,2,67,25,1,2,596,40.0,0
0,38.03,0,95,24,0,2,1990,40.0,0
0,37.01,2,140,28,0,4,624,80.0,0
0,41.56,2,92,32,1,0,1697,40.0,0
0,38.01,1,82,28,0,0,2037,40.0,0
1,37.11,0,130,30,1,2,648,40.0,0
0,41.88,1,78,29,0,5,480,60.0,0
1,35.48,0,99,33,1,1,1504,80.0,0
1,41.37,1,154,36,0,1,1094,100.0,0
0,41.42,1,72,32,1,2,1744,40.0,0
0,39.98,0,139,40,1,5,1241,60.0,0
1,37.45,1,158,27,1,5,386,40.0,0
1,41.38,1,136,39,1,1,555,100.0,0
0,39.33,0,96,24,1,1,2178,60.0,0
1,38.82,2,93,42,0,4,153,40.0,0
1,39.53,1,68,30,1,1,1014,40.0,0
1,40.61,0,135,31,0,4,1146,60.0,0
1,39.76,2,123,31,0,4,1796,20.0,0
1,37.34,2,150,22,0,1,332,80.0,0
0,38.88,2,108,35,1,3,784,40.0,0
0,36.74,0,138,25,1,5,1093,60.0,0
0,40.45,0,150,30,1,5,231,60.0,0
0,39.71,1,142,27,0,0,982,80.0,0
1,41.81,0,135,23,0,0,626,40.0,0
0,35.6,2,134,41,0,0,2190,80.0,0
0,39.93,0,84,29,1,2,1431,60.0,0
1,35.03,0,131,24,0,2,1479,20.0,0
0,38.01,1,130,31,1,0,1203,40.0,0
0,37.13,2,155,35,0,0,1660,60.0,0
0,40.08,1,88,24,0,3,662,60.0,0
1,41.79,2,116,33,1,4,1924,40.0,0
0,41.34,0,157,35,0,0,1417,60.0,0
1,37.74,0,67,31,1,0,1238,60.0,0
1,40,1,139,37,1,2,1999,60.0,0
1,41.01,1,152,34,1,2,1638,80.0,0
0,35.62,2,142,31,0,1,684,80.0,0
0,41.32,2,104,31,1,0,765,60.0,0
1,37.9,0,145,33,1,0,159,40.0,0
1,38.02,2,152,39,1,0,277,80.0,0
0,41.84,2,89,32,0,5,1337,40.0,0
0,37.47,1,130,41,0,5,2109,40.0,0
0,37.51,1,153,33,1,0,1950,60.0,0
1,41.61,2,99,32,1,1,1854,40.0,0
0,36.55,2,60,31,1,5,1774,20.0,0
1,39.17,1,138,40,0,4,1508,40.0,0
1,40.43,0,121,27,0,5,2291,60.0,0
0,41.7,2,107,41,1,2,689,80.0,0
1,38.59,2,97,24,0,4,1192,40.0,0
0,35.86,1,144,36,1,5,676,80.0,0
1,40.82,2,137,24,1,0,309,100.0,0
0,36.44,2,86,42,0,0,1310,80.0,0
1,38.84,2,102,25,0,2,1719,40.0,0
0,40.37,1,133,37,1,2,2213,80.0,0
1,39.21,0,95,31,0,4,1972,80.0,0
0,39.43,2,80,28,0,1,1301,60.0,0
0,41.82,2,61,29,1,0,2343,40.0,0
1,35.19,2,131,40,1,2,2402,80.0,0
1,35.31,2,146,40,0,5,544,80.0,0
0,36.63,2,95,26,1,4,1653,20.0,0
1,39.17,2,78,36,0,5,2036,20.0,0
1,39.46,1,76,40,1,4,1929,20.0,0
0,41.35,0,104,40,0,0,474,80.0,0
0,38.29,2,121,24,0,5,790,60.0,0
1,35.25,1,71,36,1,1,2096,60.0,0
1,39.98,2,107,41,0,3,2084,20.0,0
0,37.01,2,105,37,1,2,1478,60.0,0
0,36.02,1,126,41,1,0,1868,80.0,0
1,39.43,1,116,39,1,1,360,60.0,0
1,41.12,2,101,41,0,1,1584,60.0,0
1,40.84,0,160,40,1,1,1378,40.0,0
0,36,2,137,31,0,1,591,80.0,0
1,35,1,121,25,0,0,835,100.0,0
1,36.97,2,92,39,0,4,504,60.0,0
1,38.39,2,125,41,1,0,1616,60.0,0
1,36.09,2,145,40,0,2,2263,80.0,0
0,40.52,0,100,29,1,3,715,60.0,0
0,37.67,0,104,29,0,4,1582,60.0,0
0,35.28,2,62,39,1,0,1649,60.0,0
0,35.58,2,91,34,0,3,844,40.0,0
0,37.84,1,125,42,1,4,214,60.0,0
1,38.58,2,124,39,0,0,1622,60.0,0
0,41.81,1,76,40,1,0,1143,60.0,0
0,41.27,2,80,29,0,0,971,80.0,0
1,39.48,0,148,40,0,4,962,40.0,0
0,35.01,2,99,34,1,3,776,60.0,0
1,36.47,2,139,40,0,2,830,100.0,0
1,39.59,2,83,24,0,3,886,40.0,0
0,40.68,2,138,40,1,4,1101,60.0,0
0,35.82,0,65,28,1,3,1765,80.0,0
0,39.21,2,91,31,1,2,327,40.0,0
1,38.76,1,152,34,1,1,1372,80.0,0
1,39.87,2,123,35,0,2,909,80.0,0
0,35.23,0,120,30,0,4,1887,60.0,0
0,40.38,0,86,27,0,1,592,40.0,0
1,41.49,0,113,39,0,4,666,80.0,0
0,36.55,1,102,30,1,1,1189,40.0,0
0,39.1,1,103,35,0,2,1663,20.0,0
0,39.76,2,124,41,0,2,335,80.0,0
0,41.36,1,144,31,1,2,625,80.0,0
1,37.51,0,140,39,0,5,233,40.0,0
0,39.89,1,95,23,0,2,2423,40.0,0
1,35.52,2,155,29,0,0,1807,80.0,0
0,39.8,1,115,22,0,3,1723,20.0,0
0,40.8,0,109,31,0,4,708,80.0,0
0,38.58,2,155,25,1,2,2422,40.0,0
1,40.89,0,81,35,1,4,2034,100.0,0
1,36.76,0,153,41,0,3,2125,60.0,0
0,35.67,0,90,32,1,1,2405,80.0,0
1,37.69,1,101,42,1,3,2279,20.0,0
0,36.94,1,141,24,0,5,1617,60.0,0
0,37.48,0,68,31,1,3,768,40.0,0
1,36.09,1,100,23,1,5,798,60.0,0
0,36.28,2,142,30,0,5,2325,40.0,0
0,36.37,1,132,31,1,4,117,60.0,0
0,41.82,1,104,22,0,2,530,80.0,0
0,39.73,0,66,22,1,1,618,20.0,0
0,40.22,0,88,37,1,0,1286,100.0,0
0,39.06,1,84,31,1,0,1322,20.0,0
1,39.68,0,88,22,1,4,2385,60.0,0
0,36.5,0,133,29,1,4,1584,80.0,0
0,36.69,0,61,26,1,4,1828,100.0,0
0,36.82,1,125,24,0,2,666,100.0,0
0,41.51,0,74,25,0,5,1352,60.0,0
0,40.89,1,117,33,0,5,2467,20.0,0
1,37.18,1,109,31,0,4,2067,20.0,0
0,36,0,123,33,0,2,151,40.0,0
0,41.41,1,79,23,1,1,2026,40.0,0
0,40.13,1,123,29,0,0,2160,80.0,0
0,36.51,0,74,32,0,1,1166,60.0,0
1,37.97,0,99,30,1,3,1087,40.0,0
1,37.45,1,65,40,0,3,1023,40.0,0
1,39.95,2,100,26,1,4,989,20.0,0
1,38.54,2,62,38,1,3,362,40.0,0
1,39.41,0,133,40,0,1,786,20.0,0
0,35.49,0,146,26,1,0,2340,80.0,0
1,35.92,1,144,32,1,3,500,60.0,0
1,38.42,1,86,38,1,1,866,60.0,0
1,38.66,1,110,41,1,1,2443,40.0,0
1,38.13,0,149,30,1,4,1130,40.0,0
1,41.42,0,97,30,1,3,1203,60.0,0
1,38.71,2,151,23,1,2,733,80.0,0
0,36.4,0,65,28,0,1,1766,60.0,0
0,35.54,2,141,33,0,2,914,80.0,0
1,41.15,1,112,38,0,0,2128,60.0,0
1,37,1,157,29,0,0,2079,80.0,0
0,36.95,1,61,39,1,1,1771,60.0,0
1,35.22,1,135,32,0,4,2034,40.0,0
0,40.55,0,152,33,1,3,1592,60.0,0
0,38.33,1,82,28,0,1,2024,40.0,0
0,36.98,2,94,22,0,2,484,80.0,0
1,36.15,0,150,35,0,5,1511,80.0,0
1,39.77,0,134,39,1,2,776,20.0,0
0,41.22,0,82,34,1,3,2015,80.0,0
1,36.13,0,154,32,1,5,829,60.0,0
1,41.33,2,149,39,0,1,588,100.0,0
1,36.63,2,91,39,1,4,465,60.0,0
0,41.87,1,93,34,1,0,1233,60.0,0
0,36.37,2,143,35,1,3,2456,60.0,0
1,37.84,0,159,23,0,4,1443,20.0,0
1,37.28,2,101,26,0,4,747,40.0,0
1,41.76,1,146,22,0,1,1573,80.0,0
1,37.83,1,124,41,0,1,660,80.0,0
0,41.29,2,90,32,1,1,1351,40.0,0
0,36.44,1,148,23,1,4,827,60.0,0
1,35.08,1,149,42,1,0,1067,100.0,0
0,36.08,1,131,37,0,2,1004,80.0,0
1,41.25,2,63,29,0,1,1504,60.0,0
0,38.53,0,91,31,0,3,2253,60.0,0
1,35.79,0,116,28,1,1,1009,60.0,0
0,38.77,0,138,38,0,2,229,20.0,0
0,37.84,1,96,27,0,0,1332,60.0,0
1,38.78,0,149,37,1,0,2500,60.0,0
0,40.73,1,128,28,0,1,1796,80.0,0
0,41.06,0,86,35,0,5,1962,100.0,0
1,41.27,0,122,23,1,4,2342,60.0,0
0,39.69,0,73,26,1,1,2005,60.0,0
1,36.22,2,158,33,0,1,2373,60.0,0
0,40.12,1,153,23,1,3,2090,40.0,0
1,39.54,0,92,36,0,0,1356,60.0,0
1,38.19,0,77,39,1,3,368,40.0,0
0,40.17,2,88,33,1,0,717,80.0,0
1,35.18,2,156,22,0,5,381,80.0,0
1,36.86,1,91,41,0,1,1177,80.0,0
0,39.65,1,146,38,1,3,864,60.0,0
1,36.87,0,114,37,1,5,2323,100.0,0
0,37.19,2,95,32,1,3,1639,20.0,0
1,36.84,0,64,35,0,1,1647,80.0,0
0,41.25,0,70,22,0,1,1936,60.0,0
1,39.3,2,61,39,0,1,1671,40.0,0
0,35.72,1,69,29,1,0,1866,40.0,0
1,39.96,0,160,22,0,5,2127,40.0,0
1,37.25,0,92,36,1,5,1069,60.0,0
0,40.16,1,108,27,0,4,849,60.0,0
0,38.53,1,89,39,1,5,1617,20.0,0
1,36.77,2,151,38,0,4,793,80.0,0
0,36.37,0,117,36,0,4,1125,80.0,0
0,37.43,2,69,37,1,0,1515,40.0,0
1,41.39,0,96,38,0,2,775,60.0,0
1,37.63,1,146,42,1,5,1834,40.0,0
0,37.56,1,137,25,0,5,1869,40.0,0
1,39.84,1,83,36,0,4,1315,40.0,0
0,39.03,2,132,37,1,5,1813,40.0,0
1,36.57,1,155,30,0,5,1343,60.0,0
1,40.38,2,90,36,1,0,798,80.0,0
0,36.49,0,130,25,0,3,926,20.0,0
1,39.74,2,78,39,0,5,1734,20.0,0
1,39.28,2,132,33,1,0,1871,60.0,0
0,40.86,0,95,38,1,1,2344,80.0,0
1,36.69,2,79,33,1,2,855,80.0,0
0,35.69,0,69,36,0,1,842,60.0,0
1,38.05,2,152,29,1,2,1976,40.0,0
0,37.04,0,132,40,0,1,685,40.0,0
0,41.4,0,102,28,1,5,1523,100.0,0
1,39.7,2,132,39,1,3,267,60.0,0
1,41.13,1,126,42,1,2,1059,100.0,0
1,41.29,0,91,34,1,2,864,60.0,0
0,35.5,1,136,42,0,0,424,100.0,0
1,39.82,0,79,39,1,4,546,60.0,0
0,40.88,0,135,25,0,0,2375,60.0,0
0,37.99,2,103,28,1,2,883,40.0,0
1,39.5,1,91,29,0,0,581,60.0,0
0,41.47,1,69,40,0,3,1802,20.0,0
1,36.64,0,148,27,1,4,652,60.0,0
1,37.1,2,97,42,1,2,1533,60.0,0
1,40.31,2,72,34,0,2,651,60.0,0
0,35.91,0,112,31,1,3,220,60.0,0
1,38.5,1,137,36,0,3,795,60.0,0
1,40.15,1,124,24,1,0,1089,100.0,0
1,40.7,2,65,40,0,4,253,60.0,0
1,41.15,0,152,25,0,1,1035,20.0,0
1,40.33,1,139,26,0,1,1897,80.0,0
0,35.56,2,106,36,1,1,1697,60.0,0
1,37.7,0,150,33,0,4,1481,40.0,0
0,37.44,2,144,36,1,4,1001,60.0,0
0,35.99,0,128,42,0,3,2396,60.0,0
0,40.66,0,60,35,1,5,745,80.0,0
0,41.16,0,111,39,1,1,484,60.0,0
0,39.67,1,79,27,1,0,1435,20.0,0
1,35.22,2,138,34,1,3,1927,60.0,0
0,36.16,2,65,41,0,3,494,60.0,0
1,37.4,0,91,23,1,0,2373,60.0,0
1,36.4,2,94,42,0,4,707,60.0,0
0,36.08,0,89,36,0,1,1784,80.0,0
0,36.88,1,124,39,0,5,1506,40.0,0
1,38.6,0,91,30,0,3,2181,40.0,0
1,41.87,0,141,22,0,1,1810,40.0,0
1,37.93,1,108,28,1,5,1674,0.0,1
1,38.87,2,128,41,0,0,2457,60.0,0
1,35.86,2,88,32,1,2,452,60.0,0
0,35.76,2,60,32,0,3,164,40.0,0
1,37.97,1,143,37,1,5,2374,40.0,0
0,39.98,0,90,35,0,3,367,40.0,0
1,36.68,2,139,42,0,1,647,100.0,0
1,35.38,1,118,31,1,0,1670,40.0,0
1,35.39,0,82,24,1,1,1617,60.0,0
0,35.78,1,138,35,0,2,848,80.0,0
1,35.66,1,86,35,1,4,572,60.0,0
0,35.16,2,66,22,0,3,641,60.0,0
1,39.91,0,100,33,0,0,2002,80.0,0
1,36.07,2,140,23,1,3,1298,80.0,0
0,41.66,1,63,41,0,1,463,80.0,0
1,40.18,0,117,24,1,2,144,40.0,0
0,40.76,2,127,38,1,2,2351,80.0,0
0,38.93,2,144,24,1,5,1358,20.0,0
1,35.9,1,120,35,0,3,348,60.0,0
0,36.46,1,136,38,1,3,2383,60.0,0
0,37.91,0,109,33,1,1,202,40.0,0
0,38.61,1,105,37,0,2,213,40.0,0
0,36.88,0,124,39,0,3,1369,40.0,0
1,41.62,2,94,32,1,3,524,40.0,0
0,37.86,0,94,40,1,0,1766,80.0,0
1,35.3,2,141,31,0,0,1871,60.0,0
1,39.46,0,86,35,1,1,1936,60.0,0
0,40.68,0,83,25,0,2,1612,60.0,0
1,41.93,2,79,32,0,0,2078,40.0,0
1,40.47,2,72,41,1,1,994,80.0,0
1,36.94,0,123,27,0,1,1217,20.0,0
1,40.59,1,116,29,1,4,1232,40.0,0
0,37.83,1,65,41,0,1,727,60.0,0
1,37.63,2,108,35,0,5,993,40.0,0
0,40.22,2,89,37,0,2,535,60.0,0
1,38.09,2,87,40,0,4,2337,20.0,0
1,35.31,1,90,39,1,2,1317,80.0,0
1,36.58,2,131,42,1,5,689,80.0,0
0,37.63,2,77,31,1,1,1238,20.0,0
0,39.46,1,65,33,0,5,289,20.0,0
0,36.72,2,62,39,1,4,1372,40.0,0
1,41.46,0,136,41,1,0,1466,60.0,0
1,41.67,1,76,35,1,5,2247,40.0,0
1,40.24,0,101,41,0,1,824,60.0,0
1,40.9,2,99,31,0,2,1792,40.0,0
1,40.33,2,98,27,1,1,1440,60.0,0
0,37.16,0,122,32,1,4,546,60.0,0
0,35.43,2,109,32,0,3,1936,20.0,0
1,35.94,1,150,36,1,1,243,100.0,0
0,36.65,1,82,29,1,2,770,60.0,0
0,35.29,2,79,23,1,2,1598,40.0,0
1,37.44,0,66,29,1,4,1441,60.0,0
0,35.23,2,159,30,0,0,1716,60.0,0
1,36.36,1,76,27,0,4,1384,60.0,0
1,38.9,0,60,25,1,1,1956,40.0,0
0,36.4,0,135,34,0,3,558,40.0,0
0,39.47,0,119,31,1,1,170,40.0,0
0,39.32,2,154,35,1,0,219,80.0,0
1,40.99,2,154,26,1,1,2202,60.0,0
1,35.29,2,132,41,1,4,879,80.0,0
1,37,2,100,41,0,3,1879,40.0,0
0,40.9,0,116,37,0,1,1595,80.0,0
0,36.37,1,97,40,0,0,2328,40.0,0
1,37.06,2,74,35,1,5,1408,60.0,0
1,38.18,0,133,30,1,0,150,40.0,0
0,39.68,1,138,27,1,0,316,60.0,0
0,38.14,2,114,42,0,0,589,60.0,0
1,41.94,1,136,38,0,0,2450,80.0,0
1,35.52,0,70,22,1,5,635,60.0,0
1,36.35,2,109,35,0,1,487,80.0,0
1,38.36,0,125,36,1,4,1269,40.0,0
1,35.64,2,145,40,1,1,1169,100.0,0
1,38.6,1,149,36,0,4,1351,60.0,0
1,35.77,0,92,22,1,1,2008,60.0,0
1,39.18,1,115,32,1,5,2408,0.0,1
0,36.63,1,109,32,1,1,1933,40.0,0
0,38.89,1,134,34,1,2,113,80.0,0
1,41.34,1,61,39,1,3,144,60.0,0
0,38.4,1,77,36,0,5,433,20.0,0
1,38.68,1,104,32,0,0,1246,40.0,0
1,37.69,1,105,27,0,2,1859,40.0,0
0,35.44,2,83,42,0,4,1408,60.0,0
1,35.5,0,88,24,0,1,658,40.0,0
1,36.19,1,67,23,0,1,2191,60.0,0
0,40.5,1,88,41,0,3,2356,40.0,0
0,38.19,1,145,30,1,1,1735,40.0,0
1,36.87,2,159,37,0,2,2104,80.0,0
0,38.98,0,87,24,1,5,226,60.0,0
0,35.94,1,100,32,0,0,2367,40.0,0
1,41.89,0,86,22,0,3,184,40.0,0
0,39.32,1,140,35,0,4,2286,20.0,0
0,36.89,2,68,33,1,2,1327,60.0,0
0,40.9,1,152,30,1,3,100,60.0,0
1,41.75,0,158,28,0,1,694,20.0,0
0,39.04,1,88,41,1,5,2110,20.0,0
1,35.28,0,97,28,0,4,962,60.0,0
1,38.31,2,103,32,1,4,1958,0.0,1
0,41.56,2,78,39,0,3,936,40.0,0
0,41.39,1,138,42,0,5,1277,80.0,0
1,40.4,0,156,40,0,5,1275,60.0,0
1,41.4,1,107,36,0,3,1054,60.0,0
0,37.43,0,66,32,1,1,2374,60.0,0
1,38.4,0,97,33,1,4,406,60.0,0
0,35.83,0,112,22,0,5,2230,80.0,0
0,41.33,0,107,23,1,2,303,60.0,0
1,41.51,1,74,38,1,1,906,80.0,0
1,37.63,2,80,31,0,2,1246,40.0,0
1,40.38,1,109,30,1,2,1991,40.0,0
0,39.5,1,66,25,0,3,644,40.0,0
1,39.07,2,136,31,1,4,747,40.0,0
1,36.48,1,127,39,1,1,1504,80.0,0
0,41.31,2,142,31,0,2,1381,80.0,0
0,36.22,2,144,26,1,1,1370,60.0,0
0,39.58,1,67,32,0,1,842,40.0,0
1,40.18,2,67,35,1,3,2112,40.0,0
1,35.53,1,90,22,0,2,2386,60.0,0
1,35.35,0,109,33,1,4,592,80.0,0
1,38.79,0,111,42,1,2,912,40.0,0
0,39.11,0,67,34,1,0,1860,80.0,0
1,37.43,1,68,42,0,3,1509,20.0,0
1,37.51,2,122,40,0,2,893,80.0,0
1,35.08,2,74,41,0,4,1592,40.0,0
1,35.3,1,82,36,0,1,1615,60.0,0
1,38.66,2,83,29,0,0,214,60.0,0
0,40.6,1,113,32,0,5,435,40.0,0
0,41.38,1,132,40,1,0,1425,80.0,0
1,39.41,0,158,42,1,1,2200,40.0,0
0,35.37,1,99,39,1,4,2173,40.0,0
1,40.89,0,148,22,1,1,1146,20.0,0
0,37.01,1,137,23,0,2,1296,100.0,0
0,39.8,2,152,23,0,0,1425,80.0,0
1,41.06,0,146,26,0,1,619,20.0,0
1,36.02,1,66,33,0,5,1182,40.0,0
0,41.92,0,100,33,1,3,1372,80.0,0
0,38.33,1,104,40,1,3,1557,20.0,0
0,39.09,2,111,28,0,2,826,60.0,0
0,35.64,1,105,33,0,4,1005,40.0,0
1,38.29,1,132,29,0,3,212,60.0,0
1,38.59,0,62,23,0,1,453,20.0,0
1,36.69,0,118,40,0,4,2413,100.0,0
0,38.56,1,102,35,1,4,1496,20.0,0
0,37.03,2,64,27,0,0,1904,60.0,0
0,40.67,1,66,33,0,0,1532,40.0,0
0,38.46,1,115,27,1,5,1557,0.0,1
0,40.38,2,105,28,0,0,247,80.0,0
1,39.57,0,133,38,0,4,537,40.0,0
0,41.87,2,107,31,1,5,305,40.0,0
1,41.48,2,112,24,0,1,433,80.0,0
0,39.19,2,68,33,0,1,512,40.0,0
0,37.04,1,133,38,0,4,1348,60.0,0
0,38.47,1,60,33,0,4,1870,0.0,1
0,39.31,2,153,26,1,5,106,40.0,0
0,38,0,152,33,0,0,1543,60.0,0
1,38.42,1,153,27,0,2,1571,60.0,0
1,35.06,1,60,39,0,3,852,60.0,0
1,41.27,0,120,42,1,0,101,60.0,0
0,38.42,1,125,38,1,2,1559,60.0,0
1,37.96,2,88,22,0,2,2027,40.0,0
0,40.19,2,68,38,0,4,1390,40.0,0
0,36.18,0,135,42,0,5,2092,80.0,0
0,38.06,1,62,35,0,5,1435,20.0,0
0,36.76,1,159,27,1,4,1127,40.0,0
1,41.27,0,146,42,1,4,298,60.0,0
0,35,0,104,29,1,5,1154,100.0,0
1,37.63,2,143,26,0,2,1591,60.0,0
0,39.37,0,70,26,1,5,326,60.0,0
1,38.62,1,69,37,1,5,1662,20.0,0
0,35.27,1,76,26,1,0,1780,40.0,0
0,41.58,1,129,36,1,0,2397,80.0,0
1,39.54,2,80,34,0,3,1367,20.0,0
0,41.93,1,148,23,1,0,1077,80.0,0
1,36.09,0,156,30,0,2,976,20.0,0
0,37.58,0,73,22,1,2,1656,40.0,0
1,39.35,2,133,31,1,4,220,40.0,0
0,39.38,2,125,32,1,4,1130,20.0,0
1,38.32,0,102,22,0,5,990,40.0,0
1,38.03,1,108,27,0,1,1258,60.0,0
1,40.38,0,84,24,1,2,1061,40.0,0
1,40.06,0,61,23,0,0,964,60.0,0
1,38.97,2,99,40,1,2,823,60.0,0
0,38.29,2,81,38,0,2,1276,40.0,0
0,36.72,1,148,22,0,2,1254,100.0,0
1,39.1,2,105,28,0,2,1665,40.0,0
1,38.52,0,107,22,1,4,242,40.0,0
0,37.06,1,159,37,1,4,2018,60.0,0
1,41.16,2,122,38,1,0,597,100.0,0
0,39.87,1,79,26,1,0,2388,20.0,0
1,35.43,0,72,38,1,2,950,60.0,0
1,35.1,1,116,35,1,4,1411,60.0,0
0,39.71,2,78,37,0,2,2437,20.0,0
0,40.83,1,133,22,1,4,1981,40.0,0
1,36.25,0,82,27,0,3,841,40.0,0
1,37,2,108,37,1,0,2227,60.0,0
1,36.35,1,132,28,0,3,858,80.0,0
0,36.76,2,139,37,1,5,1465,60.0,0
1,38.54,1,121,36,1,5,2016,40.0,0
0,36.44,0,158,34,1,0,1110,80.0,0
1,39.05,2,131,23,1,3,2293,40.0,0
1,36.93,2,93,27,1,3,1207,40.0,0
0,41.31,2,101,28,0,5,1170,60.0,0
0,35.43,1,73,22,0,0,735,80.0,0
1,35.91,1,78,31,1,2,1799,40.0,0
1,37.48,0,109,41,1,5,1038,60.0,0
1,40.39,2,104,31,0,1,1668,40.0,0
0,38.34,1,127,36,1,3,1550,40.0,0
1,36.15,1,109,22,1,1,2158,60.0,0
1,35.88,0,144,31,0,1,2386,60.0,0
1,37.03,0,128,22,0,1,1353,20.0,0
1,39.08,0,119,38,0,5,2338,80.0,0
0,35.1,2,64,22,1,1,2388,40.0,0
0,36.19,0,117,25,0,3,144,40.0,0
0,40.72,2,124,28,1,2,2264,60.0,0
0,35.94,2,149,25,1,5,1556,40.0,0
0,39.68,1,90,22,0,5,588,40.0,0
0,36.72,2,97,26,1,1,592,60.0,0
1,35.01,2,84,40,1,0,1938,60.0,0
1,36.68,2,65,26,1,3,672,40.0,0
1,35.07,0,68,40,0,2,903,60.0,0
0,41.05,0,139,24,1,1,705,40.0,0
0,41,0,158,32,1,5,2281,80.0,0
1,36.49,0,72,36,0,3,1126,60.0,0
1,37.33,0,87,38,1,2,782,40.0,0
0,41.18,2,111,29,1,5,2074,20.0,0
1,35.23,0,93,23,1,1,2343,60.0,0
1,38.92,2,78,37,0,5,1676,20.0,0
0,38.54,0,145,36,0,5,2256,60.0,0
1,38.38,1,110,34,0,3,738,20.0,0
0,38.31,1,111,26,1,5,949,20.0,0
1,38.47,2,112,34,1,3,847,40.0,0
0,40.18,1,84,31,0,2,716,60.0,0
0,36.99,2,137,41,0,5,1355,80.0,0
1,36.09,2,147,38,1,0,2236,80.0,0
1,36.64,0,119,30,0,1,834,40.0,0
0,35.15,2,129,26,0,1,2227,80.0,0
0,37.24,2,133,42,0,0,716,80.0,0
0,40.38,2,101,39,0,0,1423,60.0,0
1,36.14,0,76,36,0,3,1640,80.0,0
1,36.12,1,63,40,0,2,2357,60.0,0
0,38.62,2,125,29,1,0,1670,40.0,0
1,41.22,0,101,23,0,2,1322,40.0,0
0,37.95,1,104,39,0,5,2349,0.0,1
1,41.4,0,83,29,1,0,1939,100.0,0
0,36.88,0,94,31,0,5,2386,100.0,0
1,41.14,2,89,30,0,2,241,60.0,0
0,36.62,0,102,30,1,4,1294,100.0,0
0,40.14,2,144,24,1,4,1637,40.0,0
1,38.72,0,67,27,1,3,1879,60.0,0
1,36.17,1,147,28,1,1,998,80.0,0
0,40.62,1,121,37,1,2,1572,80.0,0
1,37.2,0,103,29,1,2,1644,60.0,0
1,39.37,1,146,33,1,2,495,80.0,0
1,40.71,1,79,39,1,0,1973,60.0,0
1,39.84,2,154,34,1,5,1171,60.0,0
1,37.96,1,80,29,0,2,1978,40.0,0
0,38.17,2,133,38,0,4,1790,20.0,0
1,39.8,2,147,41,0,0,1964,60.0,0
1,36.57,2,68,36,1,5,1770,40.0,0
1,37.94,2,69,35,1,1,2380,40.0,0
1,35.8,2,70,36,1,4,797,60.0,0
1,40.17,1,114,34,1,3,2301,40.0,0
0,36.5,1,156,36,0,2,2421,60.0,0
1,37.09,0,132,28,0,5,2099,60.0,0
0,38.16,2,136,28,1,0,1727,40.0,0
1,41.39,1,146,23,0,2,2275,80.0,0
0,36.1,2,136,37,0,2,2463,60.0,0
1,41.79,2,64,35,1,4,2012,40.0,0
0,38.02,2,115,39,0,3,1276,20.0,0
1,41.33,0,119,34,0,5,1805,100.0,0
1,41.98,0,108,36,1,2,1168,60.0,0
0,36.24,0,97,29,0,3,846,40.0,0
0,38.05,1,115,25,0,5,182,40.0,0
0,40.37,0,150,35,0,2,2399,60.0,0
0,37.98,2,123,36,1,5,1038,60.0,0
0,39.81,0,143,38,0,3,557,20.0,0
1,37.42,2,116,42,0,1,1042,60.0,0
1,37.71,0,139,36,1,0,961,40.0,0
0,40.8,2,108,33,1,4,397,60.0,0
0,36.76,1,91,23,0,2,1656,60.0,0
1,37.94,0,130,26,1,1,1299,20.0,0
1,35.44,2,145,39,0,4,408,80.0,0
1,37.51,2,141,29,0,4,504,60.0,0
0,37.05,0,102,31,1,5,1893,100.0,0
0,38.69,2,115,22,1,5,560,20.0,0
0,40.29,1,76,22,0,3,850,60.0,0
0,37.76,2,116,39,0,5,1119,20.0,0
0,38.45,1,150,27,1,2,1987,40.0,0
0,36.65,1,92,37,1,0,829,80.0,0
0,35.65,2,72,35,0,0,108,60.0,0
1,37.75,0,94,31,1,0,1010,60.0,0
1,35.87,2,88,25,1,2,1194,60.0,0
1,38.36,1,125,31,1,1,1438,60.0,0
0,37.29,1,72,24,1,4,2136,0.0,1
1,38.03,1,77,24,1,2,1306,60.0,0
0,37.28,0,90,29,0,0,1419,40.0,0
1,38.79,2,116,24,1,2,1133,60.0,0
1,36.4,2,130,25,1,1,1585,60.0,0
0,38.63,2,150,39,1,2,1699,60.0,0
1,39.15,0,152,42,0,0,561,40.0,0
1,37.38,0,159,33,1,3,1429,20.0,0
0,38.15,2,112,28,1,1,138,40.0,0
1,39.54,2,160,40,0,4,343,60.0,0
0,38.59,2,148,25,1,0,1024,60.0,0
0,39.38,1,79,31,0,2,186,40.0,0
1,37.07,0,129,26,1,5,1036,60.0,0
0,35.89,2,118,23,0,5,1904,40.0,0
0,40.46,2,82,40,1,0,527,80.0,0
0,36.91,0,117,22,0,1,1087,40.0,0
0,35.16,0,156,41,0,2,1244,40.0,0
1,40.18,2,68,24,0,4,2385,40.0,0
0,37.68,2,86,31,0,5,966,20.0,0
0,35.23,2,94,33,1,3,1286,40.0,0
1,41.04,2,130,34,1,5,1161,80.0,0
0,36.74,2,108,30,1,1,1221,40.0,0
0,38.3,2,144,25,0,2,804,80.0,0
0,37.4,2,92,38,1,5,1485,20.0,0
0,35.62,1,145,30,1,2,1678,60.0,0
0,40.66,0,142,24,1,3,1251,60.0,0
0,40.8,2,104,41,0,0,666,80.0,0
0,36.72,1,94,41,1,1,1068,80.0,0
0,36.34,1,134,25,1,3,1997,40.0,0
0,39.6,1,122,22,1,5,1501,20.0,0
0,35.16,1,80,37,1,0,1265,60.0,0
1,40.38,0,60,37,0,4,619,80.0,0
1,35.51,0,156,22,1,3,1617,40.0,0
1,39.92,2,76,39,1,2,2304,40.0,0
1,41.59,2,117,36,0,4,932,60.0,0
0,41.14,0,81,40,0,5,2145,100.0,0
1,40.5,2,127,37,0,1,246,100.0,0
0,36.43,0,96,38,0,4,1294,80.0,0
0,37.62,0,99,27,0,4,1097,40.0,0
1,39.33,1,71,36,0,1,449,60.0,0
1,35.67,1,152,40,1,2,1042,100.0,0
0,37.29,2,78,40,0,1,612,40.0,0
1,40.05,2,114,33,1,4,2215,40.0,0
0,36.26,1,80,42,1,3,2118,40.0,0
1,35.77,2,114,32,1,4,650,40.0,0
0,35.54,1,106,25,0,5,1077,60.0,0
1,35.82,0,145,35,0,5,2273,80.0,0
1,39.49,2,71,36,0,2,2054,40.0,0
0,38.63,0,156,23,0,2,2209,20.0,0
0,38.76,0,147,31,0,4,2260,60.0,0
1,38.62,0,80,36,0,1,220,40.0,0
1,35.82,2,76,40,1,1,1637,60.0,0
1,35.99,1,93,33,1,3,1235,60.0,0
1,35.15,2,137,22,0,1,508,100.0,0
1,41.72,0,130,35,1,4,199,60.0,0
0,41.62,2,76,42,0,2,369,80.0,0
0,37.84,2,120,25,1,2,2282,20.0,0
0,41.89,1,76,37,0,2,2074,40.0,0
0,35.99,1,134,29,0,5,1623,60.0,0
1,38.6,1,144,30,0,3,2440,20.0,0
0,36.14,1,94,25,1,5,341,40.0,0
0,38.33,1,139,25,1,0,1709,40.0,0
1,41.5,2,92,30,1,5,1214,40.0,0
1,37.06,2,160,25,0,5,1898,60.0,0
0,39.63,0,159,31,0,5,1850,60.0,0
